StockCode,Description,TotalQuantitySold,TotalRevenue
84077,WORLD WAR 2 GLIDERS ASSTD DESIGNS,2933,534.47
21175,GIN + TONIC DIET METAL SIGN,2042,3493.43
85099B,JUMBO BAG RED RETROSPOT,1209,2228.84
21891,TRADITIONAL WOODEN SKIPPING ROPE,759,901.23
22273,FELTCRAFT DOLL MOLLY,735,1700.25
15036,ASSORTED COLOURS SILK FAN,664,450.78
84212,"ASSORTED FLOWER COLOUR ""LEIS""",481,206.56
22728,ALARM CLOCK BAKELIKE PINK,443,1524.67
84991,60 TEATIME FAIRY CAKE CASES,365,170.25
84879,ASSORTED COLOUR BIRD ORNAMENT,341,549.33
20725,LUNCH BAG RED RETROSPOT,337,526.05
82551,LAUNDRY 15C METAL SIGN,316,532.22
23201,JUMBO BAG ALPHABET,310,562.0
23206,LUNCH BAG APPLE DESIGN,305,519.66
22951,60 CAKE CASES DOLLY GIRL DESIGN,296,133.0
84978,HANGING HEART JAR T-LIGHT HOLDER,294,319.62
21918,SET 12 KIDS COLOUR  CHALK STICKS,290,105.34
21212,PACK OF 72 RETROSPOT CAKE CASES,274,218.29
22662,LUNCH BAG DOLLY GIRL DESIGN,255,385.71
21166,COOK WITH WINE METAL SIGN ,253,499.97
21154,RED RETROSPOT OVEN GLOVE ,248,301.77
22071,SMALL WHITE RETROSPOT MUG IN BOX ,244,122.0
85123A,WHITE HANGING HEART T-LIGHT HOLDER,243,681.29
79164,BLACK WINE GLASS,240,93.6
22197,POPCORN HOLDER,226,172.34
22791,T-LIGHT GLASS FLUTED ANTIQUE,221,271.88
20713,JUMBO BAG OWLS,212,377.51
82583,HOT BATHS METAL SIGN,211,467.24
23048,SET OF 10 LANTERNS FAIRY LIGHT STAR,200,750.0
21977,PACK OF 60 PINK PAISLEY CAKE CASES,198,94.73
22915,ASSORTED BOTTLE TOP  MAGNETS ,180,70.86
20728,LUNCH BAG CARS BLUE,179,351.69
21080,SET/20 RED RETROSPOT PAPER NAPKINS ,175,137.88
20676,RED RETROSPOT BOWL,173,202.22
23344,JUMBO BAG 50'S CHRISTMAS ,173,330.84
23172,REGENCY TEA PLATE PINK,172,256.64
22328,ROUND SNACK BOXES SET OF 4 FRUITS ,171,468.41
21787,RAIN PONCHO RETROSPOT,171,117.33
20914,SET/5 RED RETROSPOT LID GLASS BOWLS,170,443.9
23144,ZINC T-LIGHT HOLDER STARS SMALL,168,123.6
84946,ANTIQUE SILVER TEA GLASS ETCHED,166,295.74
84692,BOX OF 24 COCKTAIL PARASOLS,162,88.29
21174,POTTERING IN THE SHED METAL SIGN,160,311.22
23571,TRADITIONAL NAUGHTS & CROSSES,160,235.2
85152,HAND OVER THE CHOCOLATE   SIGN ,159,298.76
23084,RABBIT NIGHT LIGHT,152,416.23
21931,JUMBO STORAGE BAG SUKI,151,341.34
21394,RED POLKADOT BEAKER ,151,66.33
22659,LUNCH BOX I LOVE LONDON,149,258.69
22141,CHRISTMAS CRAFT TREE TOP ANGEL,148,280.91
22578,WOODEN STAR CHRISTMAS SCANDINAVIAN,146,49.38
22980,PANTRY SCRUBBING BRUSH,146,212.1
84817,DANISH ROSE DECORATIVE PLATE,146,64.68
22610,PENS ASSORTED FUNNY FACE,144,29.52
85230E,STRAWBRY SCENTED VOTIVE CANDLE,144,30.24
21788,KIDS RAIN MAC BLUE,144,93.6
84946,ANTIQUE SILVER T-LIGHT GLASS,140,184.68
22355,CHARLOTTE BAG SUKI DESIGN,138,109.76
84947,ANTIQUE SILVER TEA GLASS ENGRAVED,138,173.34
21668,RED STRIPE CERAMIC DRAWER KNOB,132,146.76
47566,PARTY BUNTING,132,880.26
22577,WOODEN HEART CHRISTMAS SCANDINAVIAN,132,41.64
22112,CHOCOLATE HOT WATER BOTTLE,129,731.68
22908,PACK OF 20 NAPKINS RED APPLES,129,97.95
21981,PACK OF 12 WOODLAND TISSUES ,126,44.58
22151,PLACE SETTING WHITE HEART,125,52.5
23167,SMALL CERAMIC TOP STORAGE JAR ,123,91.05
21124,SET/10 BLUE POLKADOT PARTY CANDLES,120,150.0
20668,DISCO BALL CHRISTMAS DECORATION,120,14.4
79321,CHILLI LIGHTS,120,619.91
22666,RECIPE BOX PANTRY YELLOW DESIGN,117,358.83
22082,RIBBON REEL STRIPES DESIGN ,115,189.75
22961,JAM MAKING SET PRINTED,115,227.89
22699,ROSES REGENCY TEACUP AND SAUCER ,114,327.38
16238,PARTY TIME PENCIL ERASERS,114,18.76
21703,BAG 125g SWIRLY MARBLES,112,47.04
22077,6 RIBBONS RUSTIC CHARM,111,246.37
20724,RED RETROSPOT CHARLOTTE BAG,111,147.53
21509,COWBOYS AND INDIANS BIRTHDAY CARD ,110,42.7
22382,LUNCH BAG SPACEBOY DESIGN ,108,183.99
22945,CHRISTMAS METAL TAGS ASSORTED ,108,97.5
21829,DINOSAUR KEYRINGS ASSORTED,108,22.68
21245,GREEN POLKADOT PLATE ,106,156.1
23168,CLASSIC CAFE SUGAR DISPENSER,106,141.5
22910,PAPER CHAIN KIT VINTAGE CHRISTMAS,106,284.39
21086,SET/6 RED SPOTTY PAPER CUPS,104,67.6
23681,LUNCH BAG RED VINTAGE DOILY,101,146.65
84050,PINK HEART SHAPE EGG FRYING PAN,101,147.77
22338,STAR DECORATION PAINTED ZINC ,100,22.0
22315,200 RED + WHITE BENDY STRAWS,100,106.76
17038,PORCELAIN BUDAH INCENSE HOLDER,100,10.0
22558,CLOTHES PEGS RETROSPOT PACK 24 ,99,152.5
21930,JUMBO STORAGE BAG SKULLS,97,216.94
22740,POLKADOT PEN,97,83.26
84945,MULTI COLOUR SILVER T-LIGHT HOLDER,96,104.64
22153,ANGEL DECORATION STARS ON DRESS,96,40.32
22336,DOVE DECORATION PAINTED ZINC ,96,18.24
84818,DANISH ROSE PHOTO FRAME,96,80.16
22574,HEART WOODEN CHRISTMAS DECORATION,96,81.6
21385,IVORY HANGING DECORATION  HEART,95,83.87
22423,REGENCY CAKESTAND 3 TIER,94,1295.25
23205,CHARLOTTE BAG VINTAGE ALPHABET ,94,79.9
21790,VINTAGE SNAP CARDS,91,78.91
22966,GINGERBREAD MAN COOKIE CUTTER,91,113.75
23307,SET OF 60 PANTRY DESIGN CAKE CASES ,90,51.6
22944,CHRISTMAS METAL POSTCARD WITH BELLS,90,45.54
84380,SET OF 3 BUTTERFLY COOKIE CUTTERS,90,128.18
85036C,ROSE 1 WICK MORRIS BOXED CANDLE,90,45.0
22379,RECYCLING BAG RETROSPOT ,87,190.22
23204,CHARLOTTE BAG APPLES DESIGN,86,76.22
22147,FELTCRAFT BUTTERFLY HEARTS,86,118.54
84660B,BLACK STITCHED WALL CLOCK,86,67.94
21169,YOU'RE CONFUSING ME METAL SIGN ,85,137.01
22892,SET OF SALT AND PEPPER TOADSTOOLS,84,105.0
22906,12 MESSAGE CARDS WITH ENVELOPES,83,124.95
21811,HANGING HEART WITH BELL,82,36.82
23203,JUMBO BAG VINTAGE DOILY ,81,168.48
22139,RETROSPOT TEA SET CERAMIC 11 PC ,81,406.79
21390,FILIGRIS HEART WITH BUTTERFLY,81,108.61
22356,CHARLOTTE BAG PINK POLKADOT,81,75.9
23493,VINTAGE DOILY TRAVEL SEWING KIT,80,156.0
22899,CHILDREN'S APRON DOLLY GIRL ,80,155.5
16216,LETTER SHAPE PENCIL SHARPENER,80,4.8
22630,DOLLY GIRL LUNCH BOX,79,156.74
15056N,EDWARDIAN PARASOL NATURAL,79,423.07
22534,MAGIC DRAWING SLATE SPACEBOY ,79,30.3
22775,PURPLE DRAWERKNOB ACRYLIC EDWARDIAN,78,104.76
21845,DAIRY MAID STRIPE MUG,78,74.58
23242,TREASURE TIN BUFFALO BILL ,76,147.04
21975,PACK OF 60 DINOSAUR CAKE CASES,76,42.5
21976,PACK OF 60 MUSHROOM CAKE CASES,76,41.8
21892,TRADITIONAL WOODEN CATCH CUP GAME ,76,95.0
22161,HEART DECORATION RUSTIC HANGING ,75,31.73
23232,WRAP VINTAGE LEAF DESIGN,75,31.5
22705,WRAP GREEN PEARS ,75,31.5
21498,RED RETROSPOT WRAP ,75,31.5
23230,WRAP ALPHABET DESIGN,75,31.5
23691,WRAP KEEP CALM BIRTHDAY,75,31.5
21167,WHITE SAGE INCENSE,75,15.75
22988,SOLDIERS EGG CUP ,74,95.02
22492,MINI PAINT SET VINTAGE ,74,50.06
22417,PACK OF 60 SPACEBOY CAKE CASES,74,40.7
20712,JUMBO BAG WOODLAND ANIMALS,73,170.65
23208,LUNCH BAG VINTAGE LEAF DESIGN,73,120.45
22411,JUMBO SHOPPER VINTAGE RED PAISLEY,72,149.08
23078,ICE CREAM PEN LIP GLOSS ,72,90.0
17001,HEAVENS SCENT FRAGRANCE OILS ASSTD,72,20.88
21870,I CAN ONLY PLEASE ONE PERSON MUG,72,76.32
22693,GROW A FLYTRAP OR SUNFLOWER IN TIN,72,90.0
35953,FOLKART STAR CHRISTMAS DECORATIONS,72,48.72
22935,BAKING MOULD ROSE MILK CHOCOLATE,72,198.0
21819,GLITTER CHRISTMAS STAR ,72,28.08
22597,MUSICAL ZINC HEART DECORATION ,72,20.88
22865,HAND WARMER OWL DESIGN,71,149.1
20726,LUNCH BAG WOODLAND,71,133.7
22178,VICTORIAN GLASS HANGING T-LIGHT,70,92.34
21985,PACK OF 12 HEARTS DESIGN TISSUES ,69,20.41
22646,CERAMIC STRAWBERRY CAKE MONEY BANK,69,63.73
23301,GARDENERS KNEELING PAD KEEP CALM ,69,126.97
22993,SET OF 4 PANTRY JELLY MOULDS,68,98.45
85062,PEARL CRYSTAL PUMPKIN T-LIGHT HLDR,68,112.2
22614,PACK OF 12 SPACEBOY TISSUES,67,26.13
22333,RETROSPOT PARTY BAG + STICKER SET,67,100.95
22608,PENS ASSORTED FUNKY JEWELED ,67,19.86
72741,GRAND CHOCOLATECANDLE,66,99.63
22470,HEART OF WICKER LARGE,66,178.7
23298,SPOTTY BUNTING,66,343.58
22469,HEART OF WICKER SMALL,65,117.17
21914,BLUE HARMONICA IN BOX ,65,84.88
22727,ALARM CLOCK BAKELIKE RED ,64,253.62
21810,CHRISTMAS HANGING STAR WITH BELL,64,33.19
82494L,WOODEN FRAME ANTIQUE WHITE ,64,183.87
22197,SMALL POPCORN HOLDER,63,58.23
22041,"RECORD FRAME 7"" SINGLE SIZE ",63,168.13
23171,REGENCY TEA PLATE GREEN ,63,108.87
21889,WOODEN BOX OF DOMINOES,62,80.75
23209,LUNCH BAG VINTAGE DOILY ,62,102.3
22029,SPACEBOY BIRTHDAY CARD,62,26.86
23583,LUNCH BAG PAISLEY PARK  ,62,102.3
21915,RED  HARMONICA IN BOX ,62,77.5
21802,CHRISTMAS TREE HEART DECORATION,62,26.04
23000,TRAVEL CARD WALLET TRANSPORT,61,26.44
22834,HAND WARMER BABUSHKA DESIGN,61,68.1
22835,HOT WATER BOTTLE I AM SO POORLY,61,316.97
22759,SET OF 3 NOTEBOOKS IN PARCEL,61,100.65
21980,PACK OF 12 RED RETROSPOT TISSUES ,61,20.09
21519,GIN & TONIC DIET GREETING CARD ,61,26.03
23343,JUMBO BAG VINTAGE CHRISTMAS ,60,124.8
22934,BAKING MOULD EASTER EGG WHITE CHOC,60,157.8
23432,PRETTY HANGING QUILTED HEARTS,60,44.52
22969,HOMEMADE JAM SCENTED CANDLES,60,87.0
23175,REGENCY MILK JUG PINK ,60,179.42
22354,RETROSPOT PADDED SEAT CUSHION,60,203.4
21731,RED TOADSTOOL LED NIGHT LIGHT,59,97.35
21934,SKULL SHOULDER BAG,59,99.49
22595,GINGHAM HEART DECORATION,59,58.73
22086,PAPER CHAIN KIT 50'S CHRISTMAS ,58,155.1
20685,DOORMAT RED RETROSPOT,58,401.1
22952,60 CAKE CASES VINTAGE CHRISTMAS,58,31.9
20975,12 PENCILS SMALL TUBE RED RETROSPOT,57,41.46
22733,3D TRADITIONAL CHRISTMAS STICKERS,57,71.25
20971,PINK BLUE FELT CRAFT TRINKET BOX,57,77.3
23162,REGENCY TEA STRAINER,57,195.38
22896,PEG BAG APPLES DESIGN,56,120.3
21181,PLEASE ONE PERSON METAL SIGN,56,117.6
23287,RED VINTAGE SPOT BEAKER,56,47.6
20963,APPLE BATH SPONGE,55,73.59
72802A,ROSE SCENT CANDLE IN JEWELLED BOX,55,209.99
22556,PLASTERS IN TIN CIRCUS PARADE ,55,90.75
85099F,JUMBO BAG STRAWBERRY,55,116.45
37340,MULTICOLOUR SPRING FLOWER MUG,54,35.46
23300,GARDENERS KNEELING PAD CUP OF TEA ,54,94.02
23295,SET OF 12 MINI LOAF BAKING CASES,54,44.82
22084,PAPER CHAIN KIT EMPIRE,54,143.3
22818,CARD CHRISTMAS VILLAGE,53,22.26
21213,PACK OF 72 SKULL CAKE CASES,53,32.08
22579,WOODEN TREE CHRISTMAS SCANDINAVIAN,53,15.37
22698,PINK REGENCY TEACUP AND SAUCER,53,201.79
22090,PAPER BUNTING RETROSPOT,53,162.99
22531,MAGIC DRAWING SLATE CIRCUS PARADE  ,53,22.26
22386,JUMBO BAG PINK POLKADOT,52,117.86
22960,JAM MAKING SET WITH JARS,52,231.16
23245,SET OF 3 REGENCY CAKE TINS,52,279.64
85132A,CHARLIE + LOLA BISCUITS TINS,52,127.48
23174,REGENCY SUGAR BOWL GREEN,52,196.6
23365,SET 12 COLOUR PENCILS LOVE LONDON,52,33.8
22174,PHOTO CUBE,52,82.56
21733,RED HANGING HEART T-LIGHT HOLDER,51,150.45
84988,SET OF 72 PINK HEART PAPER DOILIES,51,86.08
22741,FUNKY DIVA PEN,51,44.91
22895,SET OF 2 TEA TOWELS APPLE AND PEARS,51,150.45
22046,TEA PARTY  WRAPPING PAPER ,50,21.0
22268,DECORATION SITTING BUNNY,50,10.38
85040A,S/4 PINK FLOWER CANDLES IN BOWL,50,82.5
21499,BLUE POLKADOT WRAP,50,21.0
22326,ROUND SNACK BOXES SET OF4 WOODLAND ,50,153.18
23231,WRAP DOILEY DESIGN,50,21.0
16161P,WRAP ENGLISH ROSE ,50,21.0
22028,PENNY FARTHING BIRTHDAY CARD,50,21.82
21990,MODERN FLORAL STATIONERY SET,50,62.5
20972,PINK CREAM FELT CRAFT TRINKET BOX ,50,71.32
84970L,SINGLE HEART ZINC T-LIGHT HOLDER,50,45.92
22986,GINGHAM ROSE WRAP,50,21.0
21497,FANCY FONTS BIRTHDAY WRAP,50,21.0
23439,HAND WARMER RED LOVE HEART,49,104.93
20978,36 PENCILS TUBE SKULLS,49,61.25
22294,HEART FILIGREE DOVE  SMALL,49,62.46
23309,SET OF 60 I LOVE LONDON CAKE CASES ,49,26.95
22094,RED RETROSPOT TISSUE BOX,49,31.5
22923,FRIDGE MAGNETS LES ENFANTS ASSORTED,48,40.8
22771,CLEAR DRAWER KNOB ACRYLIC EDWARDIAN,48,60.0
79000,MOROCCAN TEA GLASS,48,40.8
21830,ASSORTED CREEPY CRAWLIES,48,20.16
21481,FAWN BLUE HOT WATER BOTTLE,48,143.48
22152,PLACE SETTING WHITE STAR,48,20.16
79051A,SMOKEY GREY COLOUR GLASS,48,13.92
21084,SET/6 COLLAGE PAPER CUPS,48,9.12
85094,CANDY SPOT EGG WARMER RABBIT,48,9.12
23076,ICE CREAM SUNDAE LIP GLOSS,48,60.0
22418,10 COLOUR SPACEBOY PEN,48,40.8
21395,BLUE POLKADOT BEAKER ,48,18.72
22066,LOVE HEART TRINKET POT,48,18.72
21641,ASSORTED TUTTI FRUTTI KEYRING BALL,48,13.92
16052,TEATIME PUSH DOWN RUBBER,48,9.12
23132,SMALL IVORY HEART WALL ORGANISER,48,237.6
22033,BOTANICAL ROSE GREETING CARD,48,20.16
23504,PLAYING CARDS JUBILEE UNION JACK,48,60.0
21121,SET/10 RED POLKADOT PARTY CANDLES,48,60.0
23148,MINIATURE ANTIQUE ROSE HOOK IVORY,47,39.01
22367,CHILDRENS APRON SPACEBOY DESIGN,47,98.19
22893,MINI CAKE STAND T-LIGHT HOLDER,47,29.17
51014A,"FEATHER PEN,HOT PINK",46,38.18
23199,JUMBO BAG APPLES,46,107.98
84836,ZINC METAL HEART DECORATION,46,57.5
21524,DOORMAT SPOTTY HOME SWEET HOME,45,321.3
23321,SMALL WHITE HEART OF WICKER,44,72.6
22156,HEART DECORATION WITH PEARLS ,44,42.08
82482,WOODEN PICTURE FRAME WHITE FINISH,43,133.33
22726,ALARM CLOCK BAKELIKE GREEN,43,196.23
21217,RED RETROSPOT ROUND CAKE TINS,43,402.69
20719,WOODLAND CHARLOTTE BAG,43,44.5
23293,SET OF 12 FAIRY CAKE BAKING CASES,43,35.69
17003,BROCADE RING PURSE ,43,18.45
71477,COLOUR GLASS. STAR T-LIGHT HOLDER,42,128.58
22866,HAND WARMER SCOTTY DOG DESIGN,42,88.2
23031,DRAWER KNOB CRACKLE GLAZE PINK,42,69.3
20966,SANDWICH BATH SPONGE,42,55.02
22138,BAKING SET 9 PIECE RETROSPOT ,42,207.9
85049A,TRADITIONAL CHRISTMAS RIBBONS,42,52.5
23203,JUMBO BAG DOILEY PATTERNS,42,87.36
23483,HANGING  BUTTERFLY T-LIGHT HOLDER,42,52.5
22629,SPACEBOY LUNCH BOX ,41,80.46
23501,KEY RING BASEBALL BOOT UNION JACK,41,51.25
21232,STRAWBERRY CERAMIC TRINKET BOX,41,52.46
23508,MINI PLAYING CARDS DOLLY GIRL ,41,17.22
22907,PACK OF 20 NAPKINS PANTRY DESIGN,41,34.85
22365,DOORMAT RESPECTABLE HOUSE,41,328.25
22569,FELTCRAFT CUSHION BUTTERFLY,41,148.98
21231,SWEETHEART CERAMIC TRINKET BOX,41,52.46
22568,FELTCRAFT CUSHION OWL,40,141.36
22995,TRAVEL CARD WALLET SUKI,40,17.21
84029G,KNITTED UNION FLAG HOT WATER BOTTLE,40,159.15
22998,TRAVEL CARD WALLET KEEP CALM,40,19.26
84755,COLOUR GLASS T-LIGHT HOLDER HANGING,40,30.72
20717,STRAWBERRY SHOPPER BAG,40,37.4
21770,OPEN CLOSED METAL SIGN,40,172.8
84970S,HANGING HEART ZINC T-LIGHT HOLDER,40,34.0
35970,ZINC FOLKART SLEIGH BELLS,39,65.91
22570,FELTCRAFT CUSHION RABBIT,39,146.25
20981,12 PENCILS TALL TUBE WOODLAND,39,33.15
21239,PINK  POLKADOT CUP,39,37.05
22617,BAKING SET SPACEBOY DESIGN,39,182.09
22996,TRAVEL CARD WALLET VINTAGE TICKET,39,18.02
23159,SET OF 5 PANCAKE DAY MAGNETS,38,79.04
22024,RAINY LADIES BIRTHDAY CARD,38,16.78
22697,GREEN REGENCY TEACUP AND SAUCER,38,154.7
21559,STRAWBERRY LUNCH BOX WITH CUTLERY,38,104.13
35964,FOLKART CLIP ON STARS,38,15.7
22983,CARD BILLBOARD FONT,38,16.78
22714,CARD BIRTHDAY COWBOY,38,16.78
84596L,BISCUITS SMALL BOWL LIGHT BLUE,37,16.77
22030,SWALLOWS GREETING CARD,37,15.95
22554,PLASTERS IN TIN WOODLAND ANIMALS,37,61.05
22098,BOUDOIR SQUARE TISSUE BOX,37,15.29
22718,CARD CAT AND TREE ,37,15.95
23170,REGENCY TEA PLATE ROSES ,37,62.69
84536A,ENGLISH ROSE NOTEBOOK A7 SIZE,36,15.53
21108,FAIRY CAKE FLANNEL ASSORTED COLOUR,36,28.44
84341B,SMALL PINK MAGIC CHRISTMAS TREE,36,13.68
22773,GREEN DRAWER KNOB ACRYLIC EDWARDIAN,36,45.0
17021,NAMASTE SWAGAT INCENSE,36,10.8
22037,ROBOT BIRTHDAY CARD,36,15.12
22976,CIRCUS PARADE CHILDRENS EGG CUP ,36,45.0
22067,CHOC TRUFFLE GOLD TRINKET POT ,36,14.04
23284,DOORMAT KEEP CALM AND COME IN,36,273.08
23380,PACK OF 12 VINTAGE DOILY TISSUES,36,14.04
22632,HAND WARMER RED RETROSPOT,36,75.6
23310,BUBBLEGUM RING ASSORTED,36,15.12
22093,MOTORING TISSUE BOX,36,15.12
85183B,CHARLIE & LOLA WASTEPAPER BIN FLORA,36,45.0
20718,RED RETROSPOT SHOPPER BAG,35,60.07
22079,RIBBON REEL HEARTS DESIGN ,35,62.81
22694,WICKER STAR ,35,79.94
82613D,METAL SIGN CUPCAKE SINGLE HOOK,35,24.35
22543,MINI JIGSAW BAKE A CAKE ,35,15.11
20961,STRAWBERRY BATH SPONGE ,35,48.69
22580,ADVENT CALENDAR GINGHAM SACK,34,169.54
23297,SET 40 HEART SHAPE PETIT FOUR CASES,34,52.9
82484,WOOD BLACK BOARD ANT WHITE FINISH,34,258.39
23209,LUNCH BAG DOILEY PATTERN ,34,56.1
84596B,SMALL DOLLY MIX DESIGN ORANGE BOWL,34,15.1
22132,RED LOVE HEART SHAPE CUP,34,28.9
21928,JUMBO BAG SCANDINAVIAN BLUE PAISLEY,34,78.92
22553,PLASTERS IN TIN SKULLS,33,59.37
21137,BLACK RECORD COVER FRAME,33,123.75
21901,"KEY FOB , BACK DOOR ",33,28.34
23266,SET OF 3 WOODEN STOCKING DECORATION,33,66.66
22637,PIGGY BANK RETROSPOT ,33,141.15
84536B,FAIRY CAKES NOTEBOOK A7 SIZE,33,13.86
22158,3 HEARTS HANGING DECORATION RUSTIC,33,97.35
23354,6 GIFT TAGS 50'S CHRISTMAS ,33,29.79
22970,LONDON BUS COFFEE MUG,33,84.15
20727,LUNCH BAG  BLACK SKULL.,33,69.34
21916,SET 12 RETRO WHITE CHALK STICKS,32,13.85
23202,JUMBO BAG VINTAGE LEAF,32,66.56
22489,PACK OF 12 TRADITIONAL CRAYONS,32,17.59
21876,POTTERING MUG,32,48.63
22738,RIBBON REEL SNOWY VILLAGE,32,53.66
22155,STAR DECORATION RUSTIC,32,13.44
85172,HYACINTH BULB T-LIGHT CANDLES,32,13.44
22340,NOEL GARLAND PAINTED ZINC ,32,16.0
21291,SMALL POLKADOT CHOCOLATE GIFT BAG ,32,27.2
22974,CHILDRENS DOLLY GIRL MUG,31,52.79
84375,SET OF 20 KIDS COOKIE CUTTERS,31,73.3
47590B,PINK HAPPY BIRTHDAY BUNTING,31,168.95
23355,HOT WATER BOTTLE KEEP CALM,31,165.13
22436,12 COLOURED PARTY BALLOONS,31,20.15
23581,JUMBO BAG PAISLEY PARK,31,64.48
22383,LUNCH BAG SUKI DESIGN ,31,56.11
22296,HEART IVORY TRELLIS LARGE,31,51.15
21224,SET/4 SKULL BADGES,31,38.33
23286,BLUE VINTAGE SPOT BEAKER,30,27.06
21933,PINK VINTAGE PAISLEY PICNIC BAG,30,49.5
22111,SCOTTIE DOG HOT WATER BOTTLE,30,148.5
21210,SET OF 72 RETROSPOT PAPER  DOILIES,30,46.56
22979,PANTRY WASHING UP BRUSH,30,43.5
21989,PACK OF 20 SKULL PAPER NAPKINS,30,29.4
22867,HAND WARMER BIRD DESIGN,30,67.06
23210,WHITE ROCKING HORSE HAND PAINTED,30,37.5
16015,MEDIUM CHINESE STYLE SCISSOR,30,15.0
21992,VINTAGE PAISLEY STATIONERY SET,30,43.55
23188,VINTAGE  2 METRE FOLDING RULER,30,49.5
22909,SET OF 20 VINTAGE CHRISTMAS NAPKINS,29,26.99
21592,RETROSPOT CIGAR BOX MATCHES ,29,36.25
22384,LUNCH BAG PINK POLKADOT,29,57.78
23225,CHERUB HEART DECORATION SILVER ,29,28.07
21039,RED RETROSPOT SHOPPING BAG,29,86.91
21917,SET 12 KIDS  WHITE CHALK STICKS,29,12.59
21671,RED SPOT CERAMIC DRAWER KNOB,29,42.77
22398,MAGNETS PACK OF 4 SWALLOWS,29,12.17
23367,SET 12 COLOUR PENCILS SPACEBOY ,29,18.85
84992,72 SWEETHEART FAIRY CAKE CASES,29,17.35
71459,HANGING JAM JAR T-LIGHT HOLDER,28,27.16
22555,PLASTERS IN TIN STRONGMAN,28,52.76
21929,JUMBO BAG PINK VINTAGE PAISLEY,28,67.19
22536,MAGIC DRAWING SLATE PURDEY,28,12.62
22596,CHRISTMAS STAR WISH LIST CHALKBOARD,28,35.0
23320,GIANT 50'S CHRISTMAS CRACKER,28,80.92
22561,WOODEN SCHOOL COLOURING SET,28,47.84
21936,RED RETROSPOT PICNIC BAG,28,88.28
23188,VINTAGE  2 METER FOLDING RULER,28,52.76
23198,PANTRY MAGNETIC  SHOPPING LIST,28,42.44
21986,PACK OF 12 PINK POLKADOT TISSUES,28,12.76
22530,MAGIC DRAWING SLATE DOLLY GIRL ,28,12.19
22644,CERAMIC CHERRY CAKE MONEY BANK,28,36.36
23329,DECORATIVE WICKER HEART LARGE,28,46.2
23032,DRAWER KNOB CRACKLE GLAZE IVORY,28,46.2
21211,SET OF 72 SKULL PAPER  DOILIES,28,40.6
22297,HEART IVORY TRELLIS SMALL,27,37.38
22670,FRENCH WC SIGN BLUE METAL,27,36.17
22734,SET OF 6 RIBBONS VINTAGE CHRISTMAS,27,104.13
22546,MINI JIGSAW PURDEY,27,11.34
85078,SCANDINAVIAN 3 HEARTS NAPKIN RING,27,9.45
22745,POPPY'S PLAYHOUSE BEDROOM ,27,58.73
84997A,CHILDRENS CUTLERY POLKADOT GREEN ,27,112.05
22598,CHRISTMAS MUSICAL ZINC TREE,27,22.89
22602,RETROSPOT WOODEN HEART DECORATION,27,23.73
21159,MOODY BOY  DOOR HANGER ,27,13.71
23376,PACK OF 12 VINTAGE CHRISTMAS TISSUE,26,11.02
21927,BLUE/CREAM STRIPE CUSHION COVER ,26,32.5
22439,6 ROCKET BALLOONS ,26,16.9
21326,AGED GLASS SILVER T-LIGHT HOLDER,26,30.62
22675,FRENCH KITCHEN SIGN BLUE METAL,26,35.02
21136,PAINTED METAL PEARS ASSORTED,26,43.94
84029E,RED WOOLLY HOTTIE WHITE HEART.,26,183.63
22460,EMBOSSED GLASS TEALIGHT HOLDER,26,32.5
22963,JAM JAR WITH GREEN LID,26,23.69
22212,FOUR HOOK  WHITE LOVEBIRDS,26,60.85
22540,MINI JIGSAW CIRCUS PARADE ,26,11.74
22817,CARD SUKI BIRTHDAY,26,11.09
21094,SET/6 RED SPOTTY PAPER PLATES,26,28.52
22842,BISCUIT TIN VINTAGE RED,26,156.3
23566,EGG CUP MILKMAID HEIDI,26,34.92
21675,BUTTERFLIES STICKERS,26,23.72
22631,CIRCUS PARADE LUNCH BOX ,25,48.75
23489,VINTAGE BELLS GARLAND,25,72.25
21730,GLASS STAR FROSTED T-LIGHT HOLDER,25,111.15
22778,GLASS CLOCHE SMALL,25,85.31
23169,CLASSIC GLASS COOKIE JAR,25,96.55
23197,SKETCHBOOK MAGNETIC SHOPPING LIST,25,36.25
22219,LOVEBIRD HANGING DECORATION WHITE ,25,24.37
85150,LADIES & GENTLEMEN METAL SIGN,25,66.16
17084N,FAIRY DREAMS INCENSE ,25,5.25
22819,"BIRTHDAY CARD, RETRO SPOT",25,10.91
16169E,WRAP 50'S  CHRISTMAS,25,10.5
23569,TRADTIONAL ALPHABET STAMP SET,25,123.75
23551,PACK OF 12 PAISLEY PARK TISSUES ,25,10.19
85099C,JUMBO  BAG BAROQUE BLACK WHITE,25,51.74
22709,WRAP WEDDING DAY,25,10.5
21123,SET/10 IVORY POLKADOT PARTY CANDLES,25,32.46
22464,HANGING METAL HEART LANTERN,25,41.25
23231,WRAP  VINTAGE DOILY ,25,10.5
21801,CHRISTMAS TREE DECORATION WITH BELL,25,10.71
22959,WRAP CHRISTMAS VILLAGE,25,10.5
23227,FILIGREE HEART BUTTERFLY WHITE ,25,32.46
23103,JINGLE BELL HEART DECORATION,25,41.25
22962,JAM JAR WITH PINK LID,25,22.03
22710,WRAP I LOVE LONDON ,25,10.5
22950,36 DOILIES VINTAGE CHRISTMAS,25,37.72
21122,SET/10 PINK POLKADOT PARTY CANDLES,25,32.46
21306,SET/4 DAISY MIRROR MAGNETS,25,7.25
22329,ROUND CONTAINER SET OF 5 RETROSPOT,25,42.89
17084A,TRANQUILITY MASALA INCENSE,25,5.25
23328,SET 6 SCHOOL MILK BOTTLES IN CRATE,25,167.95
16156S,WRAP PINK FAIRY CAKES ,25,10.5
22047,EMPIRE GIFT WRAP,25,10.5
23550,WRAP ALPHABET POSTER  ,25,10.5
22933,BAKING MOULD EASTER EGG MILK CHOC,25,76.59
21494,ROTATING LEAVES T-LIGHT HOLDER,25,39.62
21495,SKULLS AND CROSSBONES WRAP,25,10.5
22301,COFFEE MUG CAT + BIRD DESIGN,25,66.26
22321,BIRD DECORATION RED RETROSPOT,25,22.03
21500,PINK POLKADOT WRAP ,25,10.5
16161U,WRAP SUKI AND FRIENDS,25,10.5
22027,TEA PARTY BIRTHDAY CARD,25,10.91
22587,FELTCRAFT HAIRBAND RED AND BLUE,25,22.03
22052,VINTAGE CARAVAN GIFT WRAP,25,10.5
21114,LAVENDER SCENTED FABRIC HEART,25,31.25
22708,WRAP DOLLY GIRL,25,10.5
22711,WRAP CIRCUS PARADE,25,10.5
85170D,SET/6 PINK BIRD T-LIGHT CANDLES,25,22.86
22985,WRAP BILLBOARD FONTS DESIGN,25,10.5
22815,CARD PSYCHEDELIC APPLES,24,10.08
84926D,LA PALMIERA TILE COASTER,24,6.96
21874,GIN AND TONIC MUG,24,30.0
21441,BLUE BIRDHOUSE DECORATION,24,20.4
21348,PINK SPOTS CHOCOLATE NESTING BOXES ,24,61.2
22539,MINI JIGSAW DOLLY GIRL,24,10.08
21523,DOORMAT FANCY FONT HOME SWEET HOME,24,175.48
21636,MADRAS NOTEBOOK MEDIUM,24,18.0
23381,PACK OF 12 VINTAGE LEAF TISSUES ,24,9.36
21789,KIDS RAIN MAC PINK,24,20.4
84997D,CHILDRENS CUTLERY POLKADOT PINK,24,103.74
20723,STRAWBERRY CHARLOTTE BAG,24,42.94
22300,COFFEE MUG DOG + BALL DESIGN,24,61.2
22031,BOTANICAL LAVENDER BIRTHDAY CARD,24,10.08
21391,FRENCH LAVENDER SCENT HEART,24,18.0
22231,JIGSAW TREE WITH BIRDHOUSE,24,14.16
85232A,SET/3 POLKADOT STACKING TINS,24,102.0
23552,BICYCLE PUNCTURE REPAIR KIT ,24,99.12
22855,FINE WICKER HEART ,24,30.0
21165,BEWARE OF THE CAT METAL SIGN ,24,40.56
20829,GLITTER HANGING BUTTERFLY STRING,24,50.4
23482,PEARLISED IVORY HEART LARGE ,24,39.6
22544,MINI JIGSAW SPACEBOY,24,10.08
16048,TEATIME ROUND PENCIL SHARPENER ,24,2.88
85230B,CINNAMON SCENTED VOTIVE CANDLE,24,6.96
22285,HANGING HEN ON NEST DECORATION,24,39.6
17136A,BLUE STONES ON WIRE FOR CANDLE,24,1.92
85230F,JASMINE VOTIVE CANDLE,24,6.96
71459,HANGING JAM JAR T-LIGHT HOLDERS,24,20.4
22984,CARD GINGHAM ROSE ,24,10.08
22716,CARD CIRCUS PARADE,24,10.08
20974,12 PENCILS SMALL TUBE SKULL,24,15.6
23291,DOLLY GIRL CHILDRENS CUP,24,30.0
22755,SMALL PURPLE BABUSHKA NOTEBOOK ,24,20.4
20840,FRENCH FLORAL CUSHION COVER ,24,20.4
16008,SMALL FOLDING SCISSOR(POINTED EDGE),24,2.88
23161,REGENCY CAKE FORK,24,30.0
23499,SET 12 VINTAGE DOILY CHALK ,24,10.08
21162,TOXIC AREA  DOOR HANGER ,24,9.36
84926E,FLOWERS TILE COASTER,24,6.96
22593,CHRISTMAS GINGHAM STAR,24,20.4
21669,BLUE STRIPE CERAMIC DRAWER KNOB,24,30.0
22920,HERB MARKER BASIL,24,15.6
85130C,BEADED CRYSTAL HEART BLUE  LARGE,24,18.96
85159B,"WHITE TEA,COFFEE,SUGAR JARS",24,30.0
21504,SKULLS GREETING CARD,24,10.08
22276,WASH BAG VINTAGE ROSE PAISLEY,24,61.2
22535,MAGIC DRAWING SLATE BUNNIES ,24,10.08
21903,MAN FLU METAL SIGN,24,47.4
35965,FOLKART HEART NAPKIN RINGS,24,18.96
21088,SET/6 FRUIT SALAD PAPER CUPS,24,15.6
23241,TREASURE TIN GYMKHANA DESIGN,23,49.89
22189,CREAM HEART CARD HOLDER,23,95.19
23319,BOX OF 6 MINI 50'S CRACKERS,23,57.27
23165,LARGE CERAMIC TOP STORAGE JAR,23,42.87
22295,HEART FILIGREE DOVE LARGE,23,41.23
22749,FELTCRAFT PRINCESS CHARLOTTE DOLL,23,108.51
82613B,"METAL SIGN,CUPCAKE SINGLE HOOK",23,12.15
85114A,BLACK ENCHANTED FOREST PLACEMAT,23,51.07
48194,DOORMAT HEARTS,23,194.35
22748,POPPY'S PLAYHOUSE KITCHEN,23,50.33
21754,HOME BUILDING BLOCK WORD,23,143.43
22149,FELTCRAFT 6 FLOWER FRIENDS,23,56.05
16011,ANIMAL STICKERS,23,4.83
21090,SET/6 COLLAGE PAPER PLATES,23,13.81
22663,JUMBO BAG DOLLY GIRL DESIGN,23,45.24
22619,SET OF 6 SOLDIER SKITTLES,22,93.63
22798,ANTIQUE GLASS DRESSING TABLE POT,22,76.26
22457,NATURAL SLATE HEART CHALKBOARD ,22,76.26
22383,LUNCH BAG SUKI  DESIGN ,22,41.26
21171,BATHROOM METAL SIGN ,22,31.9
22057,CERAMIC PLATE STRAWBERRY DESIGN,22,27.74
22616,PACK OF 12 LONDON TISSUES ,21,10.97
21577,SAVE THE PLANET COTTON TOTE BAG,21,47.25
22327,ROUND SNACK BOXES SET OF 4 SKULLS,21,101.71
23399,HOME SWEET HOME HANGING HEART,21,28.92
22377,BOTTLE BAG RETROSPOT ,21,19.1
11001,ASSTD DESIGN RACING CAR PEN,21,31.19
22183,CAKE STAND VICTORIAN FILIGREE MED,21,124.59
23334,IVORY WICKER HEART SMALL,21,13.23
23353,6 GIFT TAGS VINTAGE CHRISTMAS ,21,22.23
48116,DOORMAT MULTICOLOUR STRIPE,20,135.0
22502,PICNIC BASKET WICKER SMALL,20,112.9
22585,PACK OF 6 BIRDY GIFT TAGS,20,27.52
22074,6 RIBBONS SHIMMERING PINKS ,20,35.85
21616,4 PEAR BOTANICAL DINNER CANDLES,20,26.26
16014,SMALL CHINESE STYLE SCISSOR,20,8.4
23346,SPACEBOY BEAKER,20,25.0
22600,CHRISTMAS RETROSPOT STAR WOOD,20,23.48
35471D,SET OF 3 BIRD LIGHT PINK FEATHER ,20,12.96
22649,STRAWBERRY FAIRY CAKE TEAPOT,20,99.0
23296,SET OF 6 TEA TIME BAKING CASES,20,25.0
22965,3 TRADITIONAl BISCUIT CUTTERS  SET,20,46.06
22549,PICTURE DOMINOES,20,36.9
22437,SET OF 9 BLACK SKULL BALLOONS,20,17.0
22720,SET OF 3 CAKE TINS PANTRY DESIGN ,20,99.0
23506,MINI PLAYING CARDS SPACEBOY ,20,8.4
22750,FELTCRAFT PRINCESS LOLA DOLL,20,75.0
21935,SUKI  SHOULDER BAG,20,33.0
23205,CHARLOTTE BAG ALPHABET  DESIGN,20,17.0
23500,KEY RING BASEBALL BOOT ASSORTED ,20,25.0
47310M,"SMALL POP BOX,FUNKY MONKEY",20,25.0
22661,CHARLOTTE BAG DOLLY GIRL DESIGN,20,17.0
22479,DAISY GARDEN MARKER,20,25.0
23445,ICE CREAM BUBBLES,20,16.6
22900, SET 2 TEA TOWELS I LOVE LONDON ,20,59.0
22674,FRENCH TOILET SIGN BLUE METAL,19,23.75
21877,HOME SWEET HOME MUG,19,25.79
21700,BIG DOUGHNUT FRIDGE MAGNETS,19,23.59
21932,SCANDINAVIAN PAISLEY PICNIC BAG,19,41.09
23350,ROLL WRAP VINTAGE SPOT ,19,26.17
22650,CERAMIC PIRATE CHEST MONEY BANK,19,31.23
22169,FAMILY ALBUM WHITE PICTURE FRAME,19,210.28
22467,GUMBALL COAT RACK,19,48.45
22943,CHRISTMAS LIGHTS 10 VINTAGE BAUBLES,19,99.89
21442,GREEN BIRDHOUSE DECORATION,19,30.97
22557,PLASTERS IN TIN VINTAGE PAISLEY ,19,34.7
22751,FELTCRAFT PRINCESS OLIVIA DOLL,19,66.93
22722,SET OF 6 SPICE TINS PANTRY DESIGN,19,83.73
21535,RED RETROSPOT SMALL MILK JUG,19,50.86
20973,12 PENCIL SMALL TUBE WOODLAND,19,20.75
15058A,BLUE POLKADOT GARDEN PARASOL,18,150.98
22348,TEA BAG PLATE RED RETROSPOT,18,15.3
22586,FELTCRAFT HAIRBAND PINK AND BLUE,18,16.86
22192,BLUE DINER WALL CLOCK,18,142.8
22729,ALARM CLOCK BAKELIKE ORANGE,18,74.92
21714,CITRONELLA CANDLE GARDEN POT,18,22.5
23029,DRAWER KNOB CRACKLE GLAZE GREEN,18,29.7
23661,MILK MAIDS MUG ,18,29.7
23119,PACK OF 6 LARGE FRUIT STRAWS ,18,14.94
82580,BATHROOM METAL SIGN,18,12.0
22113,GREY HEART HOT WATER BOTTLE,18,80.58
22413,METAL SIGN TAKE IT OR LEAVE IT ,18,53.1
22430,ENAMEL WATERING CAN CREAM,18,99.12
23452,HEART MINI PORTRAIT FRAME,18,35.1
22956,36 FOIL HEART CAKE CASES,18,37.8
22851,SET 20 NAPKINS FAIRY CAKES DESIGN ,18,20.04
23193,BUFFALO BILL TREASURE BOOK BOX,18,45.16
23109,PACK OF SIX LED TEA LIGHTS,18,52.02
21530,DAIRY MAID TOASTRACK,18,14.22
21673,WHITE SPOT BLUE CERAMIC DRAWER KNOB,18,22.5
21012,ANTIQUE ALL GLASS CANDLESTICK,18,45.03
21967,PACK OF 12 SKULL TISSUES,18,6.7
23135,SMALL ZINC HEART WALL ORGANISER,18,59.76
22627,MINT KITCHEN SCALES,17,144.5
21544,SKULLS  WATER TRANSFER TATTOOS ,17,15.23
22481,BLACK TEA TOWEL CLASSIC DESIGN,17,20.83
21791,VINTAGE HEADS AND TAILS CARD GAME ,17,24.88
23263,SET OF 3 WOODEN HEART DECORATIONS,17,21.25
22488,NATURAL SLATE RECTANGLE CHALKBOARD,17,28.05
22551,PLASTERS IN TIN SPACEBOY,17,31.33
22144,CHRISTMAS CRAFT LITTLE FRIENDS,17,51.94
22087,PAPER BUNTING WHITE LACE,17,81.39
22371,AIRLINE BAG VINTAGE TOKYO 78,17,66.25
21209,MULTICOLOUR HONEYCOMB FAN,17,21.13
21232,STRAWBERRY CERAMIC TRINKET POT,17,41.82
21098,CHRISTMAS TOILET ROLL,17,42.67
23191,BUNDLE OF 3 RETRO NOTE BOOKS,17,28.05
22435,SET OF 9 HEART SHAPED BALLOONS,17,21.25
21880,RED RETROSPOT TAPE,17,9.9
21794,CLASSIC FRENCH STYLE BASKET NATURAL,17,70.66
84792,ENCHANTED BIRD COATHANGER 5 HOOK,16,67.68
23192,BUNDLE OF 3 ALPHABET EXERCISE BOOKS,16,26.4
46000M,POLYESTER FILLER PAD 45x45cm,16,24.8
22114,HOT WATER BOTTLE TEA AND SYMPATHY,16,126.18
21993,FLORAL FOLK STATIONERY SET,16,25.82
75049L,LARGE CIRCULAR MIRROR MOBILE,16,22.42
22412,METAL SIGN NEIGHBOURHOOD WITCH ,16,33.6
23270,SET OF 2 CERAMIC PAINTED HEARTS ,16,23.2
48138,DOORMAT UNION FLAG,16,122.28
21380,WOODEN HAPPY BIRTHDAY GARLAND,16,55.72
85175,CACTI T-LIGHT CANDLES,16,6.72
21672,WHITE SPOT RED CERAMIC DRAWER KNOB,16,24.48
23371,SET 36 COLOUR PENCILS SPACEBOY ,16,20.0
21948,SET OF 6 CAKE CHOPSTICKS,16,20.0
84849A,HELLO SAILOR BLUE SOAP HOLDER,16,27.04
22196,SMALL HEART MEASURING SPOONS,16,16.0
20977,36 PENCILS TUBE WOODLAND,16,20.0
22736,RIBBON REEL MAKING SNOWMEN ,16,35.79
22440,BALLOON WATER BOMB PACK OF 35,16,6.72
22403,MAGNETS PACK OF 4 VINTAGE LABELS ,16,8.0
23082,SET 6 PAPER TABLE LANTERN HEARTS ,16,74.84
22210,WOOD STAMP SET BEST WISHES,16,13.28
22595,CHRISTMAS GINGHAM HEART,16,26.56
23020,GLASS  SONGBIRD STORAGE JAR,16,178.4
22917,HERB MARKER ROSEMARY,16,10.4
21988,PACK OF 6 SKULL PAPER PLATES,16,13.6
84971S,SMALL HEART FLOWERS HOOK ,16,15.94
20970,PINK FLORAL FELTCRAFT SHOULDER BAG,15,63.67
23408,PHOTO FRAME LINEN AND LACE SMALL,15,31.2
21078,SET/20 STRAWBERRY PAPER NAPKINS ,15,14.36
23146,TRIPLE HOOK ANTIQUE IVORY ROSE,15,49.35
22621,TRADITIONAL KNITTING NANCY,15,24.35
22352,LUNCH BOX WITH CUTLERY RETROSPOT ,15,38.25
21479,WHITE SKULL HOT WATER BOTTLE ,15,67.79
22432,WATERING CAN PINK BUNNY,15,29.25
23389,SPACEBOY MINI BACKPACK,15,62.25
23002,TRAVEL CARD WALLET SKULLS,15,7.94
22291,HANGING CHICK CREAM DECORATION,15,23.22
22133,PINK LOVE HEART SHAPE CUP,15,15.15
22940,FELTCRAFT CHRISTMAS FAIRY,15,63.75
22442,GROW YOUR OWN FLOWERS SET OF 3,15,47.25
22072,RED RETROSPOT TEA CUP AND SAUCER ,15,46.25
21704,BAG 250g SWIRLY MARBLES,15,13.53
22640,SET OF 4 NAPKIN CHARMS 3 KEYS ,15,24.45
84997d,CHILDRENS CUTLERY POLKADOT PINK,15,124.35
23173,REGENCY TEAPOT ROSES ,15,179.28
48184,DOORMAT ENGLISH ROSE ,15,114.03
22957,SET 3 PAPER VINTAGE CHICK PAPER EGG,15,44.25
20749,ASSORTED COLOUR MINI CASES,15,100.05
23154,SET OF 4 JAM JAR MAGNETS,15,31.2
23534,STOP FOR TEA WALL ART,15,82.05
47599A,PINK PARTY BAGS,15,31.5
21071,VINTAGE BILLBOARD DRINK ME MUG,15,20.01
23303,SET 4 PICNIC CUTLERY FONDANT,15,29.25
21381,MINI WOODEN HAPPY BIRTHDAY GARLAND,15,32.67
23274,STAR T-LIGHT HOLDER WILLIE WINKIE,15,28.03
22559,SEASIDE FLYING DISC,14,19.92
85017B,ENVELOPE 50 BLOSSOM IMAGES,14,6.74
22262,FELT EGG COSY CHICKEN,14,16.58
72351A,SET/6 TURQUOISE BUTTERFLY T-LIGHTS,14,29.4
48129,DOORMAT TOPIARY,14,100.5
22520,CHILDS GARDEN TROWEL BLUE ,14,11.9
23311,VINTAGE CHRISTMAS STOCKING ,14,35.7
15056BL,EDWARDIAN PARASOL BLACK,14,83.3
23322,LARGE WHITE HEART OF WICKER,14,52.66
22633,HAND WARMER UNION JACK,14,35.49
21060,PARTY INVITES BALLOON GIRL,14,11.9
21485,RETROSPOT HEART HOT WATER BOTTLE,14,87.83
23243,SET OF TEA COFFEE SUGAR TINS PANTRY,14,80.98
22730,ALARM CLOCK BAKELIKE IVORY,14,56.37
21383,PACK OF 12 STICKY BUNNIES,14,9.1
22964,3 PIECE SPACEBOY COOKIE CUTTER SET,14,29.4
23108,SET OF 10 LED DOLLY LIGHTS,14,87.5
22521,CHILDS GARDEN TROWEL PINK,14,11.9
21558,SKULL LUNCH BOX WITH CUTLERY ,14,38.11
48185,DOORMAT FAIRY CAKE,14,111.66
22613,PACK OF 20 SPACEBOY NAPKINS,14,13.46
21264,WHITE GOOSE FEATHER TREE 60CM ,14,27.3
21617,4 LILY  BOTANICAL DINNER CANDLES,14,19.92
22774,RED DRAWER KNOB ACRYLIC EDWARDIAN,14,17.5
22609,PENS ASSORTED SPACEBALL,14,5.88
85066,CREAM SWEETHEART MINI CHEST,13,190.17
20983,12 PENCILS TALL TUBE RED RETROSPOT,13,12.61
47504K,ENGLISH ROSE GARDEN SECATEURS,13,25.35
82600,NO SINGING METAL SIGN,13,29.33
23292,SPACEBOY CHILDRENS CUP,13,16.25
23382,BOX OF 6 CHRISTMAS CAKE DECORATIONS,13,78.43
85144,JARDIN ETCHED GLASS CHEESE DISH,13,25.35
84030E,ENGLISH ROSE HOT WATER BOTTLE,13,55.25
22115,METAL SIGN EMPIRE TEA,13,15.39
22667,RECIPE BOX RETROSPOT ,13,38.35
90214C,"LETTER ""C"" BLING KEY RING",13,4.31
22465,HANGING METAL STAR LANTERN,13,23.16
23221,REINDEER HEART DECORATION SILVER,13,10.79
21531,RED RETROSPOT SUGAR JAM BOWL,13,35.56
23100,SILVER BELLS TABLE DECORATION,13,16.25
22120,WELCOME  WOODEN BLOCK LETTERS,13,121.96
22562,MONSTERS STENCIL CRAFT,13,16.25
37447,CERAMIC CAKE DESIGN SPOTTED PLATE,13,21.17
22421,LIPSTICK PEN FUSCHIA,13,5.87
23351,ROLL WRAP 50'S CHRISTMAS,13,17.46
23184,BULL DOG BOTTLE OPENER,13,70.19
22573,STAR WOODEN CHRISTMAS DECORATION,13,11.83
23096,PETIT TRAY CHIC,13,23.09
21563,RED HEART SHAPE LOVE BUCKET ,13,38.35
22672,FRENCH BATHROOM SIGN BLUE METAL,13,23.09
23158,SET OF 5 LUCKY CAT MAGNETS ,13,27.04
22904,CALENDAR PAPER CUT DESIGN,13,38.35
79066K,RETRO MOD TRAY,13,11.83
22385,JUMBO BAG SPACEBOY DESIGN,13,29.09
47503A,ASS FLORAL PRINT MULTI SCREWDRIVER,13,6.29
22620,4 TRADITIONAL SPINNING TOPS,13,19.86
22973,CHILDREN'S CIRCUS PARADE MUG,13,23.09
85093,CANDY SPOT EGG WARMER HARE,13,8.15
22625,RED KITCHEN SCALES,13,110.5
22420,LIPSTICK PEN BABY PINK,13,5.87
22758,LARGE PURPLE BABUSHKA NOTEBOOK  ,13,17.46
21947,SET OF 6 HEART CHOPSTICKS,13,16.25
22410,MONEY BOX HOUSEKEEPING DESIGN,13,17.46
85054,FRENCH ENAMEL POT W LID,13,38.35
20982,12 PENCILS TALL TUBE SKULLS,13,11.05
22487,WHITE WOOD GARDEN PLANT LADDER,13,111.95
23275,SET OF 3 HANGING OWLS OLLIE BEAK,13,16.25
21866,UNION JACK FLAG LUGGAGE TAG,13,16.25
21974,SET OF 36 PAISLEY FLOWER DOILIES,13,18.85
22116,METAL SIGN HIS DINNER IS SERVED,13,11.11
23240,SET OF 4 KNICK KNACK TINS DOILEY ,12,49.8
22978,PANTRY ROLLING PIN,12,45.0
23420,PANTRY HOOK TEA STRAINER ,12,24.96
23398,HANGING HEART BONHEUR,12,10.2
22083,PAPER CHAIN KIT RETROSPOT,12,35.4
21469,POLKA DOT RAFFIA FOOD COVER,12,45.0
22622,BOX OF VINTAGE ALPHABET BLOCKS,12,140.41
22671,FRENCH LAUNDRY SIGN BLUE METAL,12,19.8
23033,DRAWER KNOB CERAMIC RED,12,17.4
22565,FELTCRAFT HAIRBANDS PINK AND WHITE ,12,10.2
21206,STRAWBERRY HONEYCOMB  GARLAND ,12,19.8
23145,ZINC T-LIGHT HOLDER STAR LARGE,12,11.4
23265,SET OF 3 WOODEN TREE DECORATIONS,12,15.0
85199L,LARGE HANGING IVORY & RED WOOD BIRD,12,7.8
21246,RED RETROSPOT BIG BOWL,12,49.56
23359,SET OF 12 T-LIGHTS VINTAGE DOILY,12,23.4
21718,RED METAL BEACH SPADE ,12,15.0
21063,PARTY INVITES JAZZ HEARTS,12,10.2
22466,FAIRY TALE COTTAGE NIGHTLIGHT,12,23.4
35599B,BLACK CHRISTMAS TREE 120CM,12,23.4
20839,FRENCH PAISLEY CUSHION COVER ,12,10.2
21356,TOAST ITS - FAIRY FLOWER,12,15.0
21878,PACK OF 6 SANDCASTLE FLAGS ASSORTED,12,10.2
23235,STORAGE TIN VINTAGE LEAF,12,34.68
21284,RETROSPOT CANDLE  SMALL,12,20.28
21202,DOLLY HONEYCOMB GARLAND,12,19.8
72818,CHRISTMAS DECOUPAGE CANDLE,12,10.2
23495,SET OF 3 PANTRY WOODEN SPOONS,12,15.0
84520B,PACK 20 ENGLISH ROSE PAPER NAPKINS,12,10.2
22821,GIFT BAG PSYCHEDELIC APPLES,12,7.8
22302,COFFEE MUG PEARS  DESIGN,12,30.6
23325,RUSTIC STRAWBERRY JAM POT SMALL,12,17.4
22668,PINK BABY BUNTING,12,35.4
21068,VINTAGE BILLBOARD LOVE/HATE MUG,12,15.0
22898,CHILDRENS APRON APPLES DESIGN,12,23.4
23434,3 RAFFIA RIBBONS 50'S CHRISTMAS ,12,9.96
21287,SCENTED VELVET LOUNGE CANDLE ,12,4.56
84997B,CHILDRENS CUTLERY RETROSPOT RED ,12,40.68
22032,BOTANICAL LILY GREETING CARD,12,5.04
85183A,CHARLIE & LOLA WASTEPAPER BIN BLUE,12,15.0
85231B,CINAMMON SET OF 9 T-LIGHTS,12,10.2
21564,PINK  HEART SHAPE LOVE BUCKET ,12,35.4
21398,RED POLKADOT COFFEE  MUG,12,4.68
21188,3D HEARTS  HONEYCOMB PAPER GARLAND,12,35.4
23083,SET 6 PAPER TABLE LANTERN STARS ,12,45.0
20679,EDWARDIAN PARASOL RED,12,110.72
22319,HAIRCLIPS FORTIES FABRIC ASSORTED,12,7.8
84596F,SMALL MARSHMALLOWS PINK BOWL,12,12.5
23267,SET OF 4 SANTA PLACE SETTINGS,12,15.0
21397,BLUE POLKADOT EGG CUP ,12,4.68
84251G,"GREETING CARD, OVERCROWDED POOL.",12,2.28
22399,MAGNETS PACK OF 4 CHILDHOOD MEMORY,12,15.0
22217,T-LIGHT HOLDER HANGING LACE,12,16.21
23480,MINI LIGHTS WOODLAND MUSHROOMS,12,45.0
23497,CLASSIC CHROME BICYCLE BELL ,12,17.4
84828,JUNGLE POPSICLES ICE LOLLY MOULDS,12,15.0
21058,PARTY INVITES WOODLAND,12,10.2
23313,VINTAGE CHRISTMAS BUNTING,12,59.4
21828,EIGHT PIECE SNAKE  SET,12,15.0
22615,PACK OF 12 CIRCUS PARADE TISSUES ,12,3.48
21355,TOAST ITS - I LOVE YOU ,12,15.0
22400,MAGNETS PACK OF 4 HOME SWEET HOME,12,4.68
10080,GROOVY CACTUS INFLATABLE,12,4.68
23090,VINTAGE GLASS T-LIGHT HOLDER,12,8.64
23032,DOORKNOB CRACKED GLAZE IVORY,12,19.8
21683,MEDIUM MEDINA STAMPED METAL BOWL ,12,35.4
22814,CARD PARTY GAMES ,12,5.04
23352,ROLL WRAP 50'S RED CHRISTMAS ,12,15.0
22268,EASTER DECORATION SITTING BUNNY,12,10.2
22816,CARD MOTORBIKE SANTA,12,5.04
40016,CHINESE DRAGON PAPER LANTERNS,12,5.04
22982,PANTRY PASTRY BRUSH,12,15.0
21650,ASSORTED TUTTI FRUTTI BRACELET,12,9.96
22390,PAPERWEIGHT CHILDHOOD MEMORIES,12,10.2
23340,VINTAGE CHRISTMAS CAKE FRILL,12,19.8
71101E,STANDING FAIRY POLE SUPPORT ,12,10.2
23660,HENRIETTA HEN MUG ,12,19.8
23138,SINGLE WIRE HOOK IVORY HEART,12,17.4
23695,DOILY THANK YOU CARD,12,5.04
20985,HEART CALCULATOR,12,15.0
22715,CARD WEDDING DAY,12,5.04
21286,RETROSPOT CANDLE  LARGE,12,7.08
22510,GINGHAM BABUSHKA DOORSTOP,12,45.0
21907,I'M ON HOLIDAY METAL SIGN,12,25.2
84569A,PACK 3 IRON ON DOG PATCHES,12,15.0
22241,GARLAND WOODEN HAPPY EASTER,12,15.0
21280,VINTAGE KITCHEN PRINT VEGETABLES,12,30.6
22023,EMPIRE BIRTHDAY CARD,12,5.04
23418,LAVENDER TOILETTE BOTTLE,12,24.96
20866,BLUE ROSE FABRIC MIRROR,12,15.0
23028,DRAWER KNOB CRACKLE GLAZE BLUE,12,19.8
23273,HEART T-LIGHT HOLDER WILLIE WINKIE,12,19.8
22128,PARTY CONES CANDY ASSORTED,12,15.0
23505,PLAYING CARDS I LOVE LONDON ,12,15.0
21677,HEARTS  STICKERS,12,10.2
23473,WOODLAND SMALL RED FELT HEART,12,9.96
35961,FOLKART ZINC HEART CHRISTMAS DEC,12,10.2
21670,BLUE SPOT CERAMIC DRAWER KNOB,12,15.0
21456,2 PICTURE BOOK EGGS EASTER CHICKS,12,15.0
22507,MEMO BOARD RETROSPOT  DESIGN,11,54.45
22652,TRAVEL SEWING KIT,11,18.15
23503,PLAYING CARDS KEEP CALM & CARRY ON,11,17.38
21888,BINGO SET,11,44.96
23333,IVORY WICKER HEART MEDIUM,11,13.75
20711,JUMBO BAG TOYS ,11,43.38
21257,VICTORIAN SEWING BOX MEDIUM,11,142.33
22203,MILK PAN RED RETROSPOT,11,38.03
47591D,PINK FAIRY CAKE CHILDRENS APRON,11,25.89
21244,BLUE POLKADOT PLATE ,11,29.79
23163,REGENCY SUGAR TONGS,11,27.39
22607,WOODEN ROUNDERS GARDEN SET ,11,109.45
22477,WATERING CAN GARDEN MARKER,11,13.75
23200,JUMBO BAG PEARS,11,22.88
23435,3 RAFFIA RIBBONS VINTAGE CHRISTMAS,11,9.13
23582,VINTAGE DOILY JUMBO BAG RED ,11,22.88
21621,VINTAGE UNION JACK BUNTING,11,93.5
82001s,SILVER RECORD COVER FRAME,11,82.06
22592,CARDHOLDER HOLLY WREATH METAL,10,44.92
84510C,SET OF 4 POLKADOT COASTERS,10,12.5
22366,DOORMAT AIRMAIL ,10,79.5
20969,RED FLORAL FELTCRAFT SHOULDER BAG,10,41.37
23394,POSTE FRANCE CUSHION COVER,10,37.5
22110,BIRD HOUSE HOT WATER BOTTLE,10,36.98
22811,SET OF 6 T-LIGHTS CACTI ,10,35.18
21155,RED RETROSPOT PEG BAG,10,35.14
22634,CHILDS BREAKFAST SET SPACEBOY ,10,97.91
23176,ABC TREASURE BOOK BOX ,10,27.16
21262,WHITE GOOSE FEATHER CHRISTMAS TREE ,10,48.18
21219,SET/4 BADGES BALLOON GIRL,10,12.5
84032A,CHARLIE+LOLA PINK HOT WATER BOTTLE,10,51.12
22380,TOY TIDY SPACEBOY  ,10,21.0
23008,DOLLY GIRL BABY GIFT SET,10,151.34
20998,ROSE DU SUD OVEN GLOVE,10,29.5
22925,BLUE GIANT GARDEN THERMOMETER,10,59.5
47504H,ENGLISH ROSE SPIRIT LEVEL ,10,10.4
47566B,TEA TIME PARTY BUNTING,10,48.0
84378,SET OF 3 HEART COOKIE CUTTERS,10,19.8
23177,TREASURE ISLAND BOOK BOX,10,22.5
22065,CHRISTMAS PUDDING TRINKET POT ,10,16.3
22255,FELT TOADSTOOL  SMALL,10,16.3
48173C,DOORMAT BLACK FLOCK ,10,67.5
22080,RIBBON REEL POLKADOTS ,10,16.5
35924,HANGING FAIRY CAKE DECORATION,10,18.8
85178,VICTORIAN SEWING KIT,10,12.5
23238,SET OF 4 KNICK KNACK TINS LONDON ,10,41.5
84568,GIRLS ALPHABET IRON ON PATCHES ,10,4.2
20677,PINK POLKADOT BOWL,10,14.61
23110,PARISIENNE KEY CABINET ,10,57.5
23068,ALUMINIUM STAMPED HEART,10,24.9
21620,SET OF 4 ROSE BOTANICAL CANDLES,10,12.5
23374,RED SPOT PAPER GIFT BAG,10,8.2
51020A,SUMMER FUN DESIGN SHOWER CAP,10,2.9
21354,TOAST ITS - BEST MUM,10,24.6
10133,COLOURING PENCILS BROWN TUBE,10,4.2
POST,POSTAGE,9,335.0
23247,BISCUIT TIN 50'S CHRISTMAS,9,28.91
22180,RETROSPOT LAMP,9,89.55
21135,VICTORIAN  METAL POSTCARD SPRING,9,15.21
22804,PINK HANGING HEART T-LIGHT HOLDER,9,26.55
23126,FELTCRAFT GIRL AMELIE KIT,9,44.55
23215,JINGLE BELL HEART ANTIQUE SILVER,9,26.92
21710,FOLDING UMBRELLA PINKWHITE POLKADOT,9,44.55
21756,BATH BUILDING BLOCK WORD,9,65.21
22731,3D CHRISTMAS STAMPS STICKERS ,9,11.25
22805,BLUE DRAWER KNOB ACRYLIC EDWARDIAN,9,11.25
21744,SNOWFLAKE PORTABLE TABLE LIGHT ,9,24.59
23252,VINTAGE RED ENAMEL TRIM JUG ,9,33.75
23562,SET OF 6 RIBBONS PERFECTLY PRETTY  ,9,34.71
47590A,BLUE HAPPY BIRTHDAY BUNTING,9,49.05
37446,MINI CAKE STAND WITH HANGING CAKES,9,14.89
22725,ALARM CLOCK BAKELIKE CHOCOLATE,9,33.75
20979,36 PENCILS TUBE RED RETROSPOT,9,12.46
21034,REX CASH+CARRY JUMBO SHOPPER,9,8.55
21314,SMALL GLASS HEART TRINKET POT,9,18.9
22427,ENAMEL FLOWER JUG CREAM,9,53.55
22076,6 RIBBONS EMPIRE  ,9,13.26
21430,SET/3 RED GINGHAM ROSE STORAGE BOX,9,63.43
47567B,TEA TIME KITCHEN APRON,9,53.55
23294,SET OF 6 SNACK LOAF BAKING CASES,9,9.1
20665,RED RETROSPOT PURSE ,9,26.06
21741,COSY SLIPPER SHOES LARGE GREEN,9,26.55
21192,WHITE BELL HONEYCOMB PAPER ,9,29.61
23034,DRAWER KNOB CERAMIC BLACK,8,15.28
23403,LETTER HOLDER HOME SWEET HOME,8,30.0
22913,RED COAT RACK PARIS FASHION,8,39.6
23196,VINTAGE LEAF MAGNETIC NOTEPAD,8,11.6
23570,TRADITIONAL PICK UP STICKS GAME ,8,10.0
85174,S/4 CACTI CANDLES,8,39.6
84347,ROTATING SILVER ANGELS T-LIGHT HLDR,8,25.42
20828,GLITTER BUTTERFLY CLIPS,8,20.4
21623,VINTAGE UNION JACK MEMOBOARD,8,70.9
84725,FREESTYLE CANVAS ART PICTURE,8,6.9
23288,GREEN VINTAGE SPOT BEAKER,8,6.8
47559B,TEA TIME OVEN GLOVE,8,14.89
22281,EASTER TREE YELLOW BIRDS,8,47.6
22310,IVORY KNITTED MUG COSY ,8,21.4
22989,SET 2 PANTRY DESIGN TEA TOWELS,8,26.0
22654,DELUXE SEWING KIT ,8,54.11
23494,VINTAGE DOILY DELUXE SEWING KIT ,8,67.13
35915B,BLUE KNITTED HEN ,8,11.56
21156,RETROSPOT CHILDRENS APRON,8,15.6
82486,WOOD S/3 CABINET ANT WHITE FINISH,8,65.6
21216,"SET 3 RETROSPOT TEA,COFFEE,SUGAR",8,51.28
21908,CHOCOLATE THIS WAY METAL SIGN,8,16.8
20675,BLUE POLKADOT BOWL,8,10.0
85194L,HANGING SPRING FLOWER EGG LARGE,8,9.92
23229,VINTAGE DONKEY TAIL GAME ,8,37.42
22433,WATERING CAN GREEN DINOSAUR,8,15.6
22686,FRENCH BLUE METAL DOOR SIGN No,8,17.26
22175,PINK OWL SOFT TOY,8,23.6
23256,CHILDRENS CUTLERY SPACEBOY ,8,33.2
22085,PAPER CHAIN KIT SKULLS ,8,21.15
23289,DOLLY GIRL CHILDRENS BOWL,8,10.0
23405,HOME SWEET HOME 2 DRAWER CABINET,8,39.6
22109,FULL ENGLISH BREAKFAST PLATE,8,30.0
23234,BISCUIT TIN VINTAGE CHRISTMAS,8,23.12
21328,BALLOONS  WRITING SET ,8,11.56
85014B,RED RETROSPOT UMBRELLA,8,67.13
85116,BLACK CANDELABRA T-LIGHT HOLDER,8,13.28
82486,3 DRAWER ANTIQUE WHITE WOOD CABINET,8,71.6
23390,DOLLY GIRL MINI BACKPACK,8,33.2
22926,IVORY GIANT GARDEN THERMOMETER,8,47.6
47593B,SCOTTIE DOGS BABY BIB,8,5.76
22505,MEMO BOARD COTTAGE DESIGN,8,39.6
82582,AREA PATROLLED METAL SIGN,8,16.8
23239,SET OF 4 KNICK KNACK TINS POPPIES,8,33.2
21447,12 IVORY ROSE PEG PLACE SETTINGS,8,19.68
23402,HOME SWEET HOME 3 PEG HANGER ,8,30.0
23157,SET OF 6 NATIVITY MAGNETS ,8,16.64
23180,MUM'S KITCHEN CLOCK,8,39.6
85048,15CM CHRISTMAS GLASS BALL 20 LIGHTS,8,63.6
23453,OVAL  MINI PORTRAIT FRAME,8,15.6
85131D,BEADED CRYSTAL HEART PINK ON STICK,8,6.64
21658,GLASS  BEURRE DISH,8,31.6
84406B,CREAM CUPID HEARTS COAT HANGER,8,33.2
22332,SKULLS PARTY BAG + STICKER SET,8,13.2
23194,GYMKHANA TREASURE BOOK BOX,8,18.0
71477,COLOURED GLASS STAR T-LIGHT HOLDER,8,53.04
21116,OWL DOORSTOP,7,48.01
22468,BABUSHKA LIGHTS STRING OF 10,7,53.79
22937,BAKING MOULD CHOCOLATE CUPCAKES,7,17.85
90201B,BLACK ENAMEL FLOWER RING,7,20.66
22199,FRYING PAN RED RETROSPOT,7,34.83
22844,VINTAGE CREAM DOG FOOD CONTAINER,7,59.5
84598,BOYS ALPHABET IRON ON PATCHES,7,2.94
23392,SPACEBOY ROCKET LOLLY MAKERS,7,16.61
21912,VINTAGE SNAKES & LADDERS,7,37.86
23160,REGENCY TEA SPOON,7,16.01
48187,DOORMAT NEW ENGLAND,7,64.97
21899,"KEY FOB , GARAGE DESIGN",7,4.55
84997C,BLUE 3 PIECE POLKADOT CUTLERY SET,7,26.25
21624,VINTAGE UNION JACK DOORSTOP,7,41.65
22692,DOORMAT WELCOME TO OUR HOME,7,64.69
22438,BALLOON ART MAKE YOUR OWN FLOWERS,7,12.37
23397,FOOT STOOL HOME SWEET HOME ,7,69.65
22277,COSMETIC BAG VINTAGE ROSE PAISLEY,7,14.7
85202,HANGING WOOD AND FELT HEART,7,2.94
22767,TRIPLE PHOTO FRAME CORNICE ,7,69.65
23393,HOME SWEET HOME CUSHION COVER ,7,26.25
22971,QUEENS GUARD COFFEE MUG,7,17.85
22766,PHOTO FRAME CORNICE,7,20.65
22947,WOODEN ADVENT CALENDAR RED,7,90.38
21846,PINK DIAMANTE PEN IN GIFT BOX,7,29.47
23131,MISTLETOE HEART WREATH CREAM,7,29.05
22994,TRAVEL CARD WALLET RETROSPOT,7,3.35
22930,BAKING MOULD HEART MILK CHOCOLATE,7,17.85
22357,KINGS CHOICE BISCUIT TIN,7,37.71
23308,SET OF 60 VINTAGE LEAF CAKE CASES ,7,4.55
22070,SMALL RED RETROSPOT MUG IN BOX ,7,26.25
22796,PHOTO FRAME 3 CLASSIC HANGING,7,69.65
21868,POTTING SHED TEA MUG,7,8.75
22303,COFFEE MUG APPLES DESIGN,7,20.26
22812,PACK 3 BOXES CHRISTMAS PANNETONE,7,29.98
23299,FOOD COVER WITH BEADS SET 2 ,7,29.96
23240,SET OF 4 KNICK KNACK TINS DOILY ,7,29.05
22859,EASTER TIN BUNNY BOUQUET,7,11.55
23511,EMBROIDERED RIBBON REEL EMILY ,7,14.56
22747,POPPY'S PLAYHOUSE BATHROOM,7,14.7
22713,CARD I LOVE LONDON ,7,2.94
22723,SET OF 6 HERB TINS SKETCHBOOK,7,27.65
22150,3 STRIPEY MICE FELTCRAFT,7,13.65
21041,RED RETROSPOT OVEN GLOVE DOUBLE,7,20.65
21260,FIRST AID TIN,6,19.5
21111,"SWISS ROLL TOWEL, CHOCOLATE  SPOTS",6,17.7
23426,METAL SIGN DROP YOUR PANTS,6,17.34
82483,WOOD 2 DRAWER CABINET WHITE FINISH,6,41.7
22523,CHILDS GARDEN FORK PINK,6,5.1
23531,WALL ART BIG LOVE ,6,41.7
22123,PING MICROWAVE APRON,6,13.88
21329,DINOSAURS  WRITING SET ,6,13.18
84508A,CAMOUFLAGE DESIGN TEDDY,6,15.3
22195,LARGE HEART MEASURING SPOONS,6,20.02
23049,RECYCLED ACAPULCO MAT RED,6,57.88
22732,3D VINTAGE CHRISTMAS STICKERS ,6,14.81
22858,EASTER TIN KEEPSAKE,6,8.7
23005,TRAVEL CARD WALLET I LOVE LONDON,6,4.57
23109,LED TEA LIGHTS,6,17.34
22900,SET 2 TEA TOWELS I LOVE LONDON ,6,29.64
23067,HANGING ENGRAVED METAL HEART,6,24.9
22589,CARDHOLDER GINGHAM STAR,6,17.34
22061,LARGE CAKE STAND  HANGING STRAWBERY,6,59.7
72807A,SET/3 ROSE CANDLE IN JEWELLED BOX,6,25.5
90185C,BLACK DIAMANTE EXPANDABLE RING,6,25.5
15044A,PINK PAPER PARASOL ,6,17.7
85170C,SET/6 EAU DE NIL BIRD T-LIGHTS,6,12.6
22768,FAMILY PHOTO FRAME CORNICE,6,59.7
21982,PACK OF 12 SUKI TISSUES ,6,5.1
21913,VINTAGE SEASIDE JIGSAW PUZZLES,6,26.37
22317,FIVE CATS HANGING DECORATION,6,17.7
23396,LE JARDIN BOTANIQUE CUSHION COVER,6,29.54
21922,UNION STRIPE WITH FRINGE  HAMMOCK,6,47.7
22967,SET 3 SONG BIRD PAPER EGGS ASSORTED,6,17.7
23092,LARGE ANTIQUE WHITE PHOTO FRAME,6,47.4
22584,PACK OF 6 PANNETONE GIFT BOXES,6,15.3
22560,TRADITIONAL MODELLING CLAY,6,7.5
22274,FELTCRAFT DOLL EMILY,6,17.7
22209,WOOD STAMP SET HAPPY BIRTHDAY,6,5.79
21035,SET/2 RED RETROSPOT TEA TOWELS ,6,25.88
21844,RED RETROSPOT MUG,6,17.7
21528,DAIRY MAID TRADITIONAL TEAPOT ,6,41.7
23513,EMBROIDERED RIBBON REEL SUSIE ,6,12.48
23060,HEART BEADED TRELLIS DECORATION,6,12.48
21865,PINK UNION JACK  PASSPORT COVER ,6,12.6
22789,T-LIGHT HOLDER SWEETHEART HANGING,6,11.7
85204,HANGING WOOD AND FELT FLOWER,6,1.02
85014A,BLACK/BLUE POLKADOT UMBRELLA,6,35.7
23348,CHILDRENS TOY COOKING UTENSIL SET,6,12.48
23358,HOT STUFF HOT WATER BOTTLE,6,22.5
22591,CARDHOLDER GINGHAM CHRISTMAS TREE,6,19.5
35971,ROSE FOLKART HEART DECORATIONS,6,7.5
21576,LETS GO SHOPPING COTTON TOTE BAG,6,13.5
23525,WALL ART BUFFALO BILL ,6,22.5
22804,CANDLEHOLDER PINK HANGING HEART,6,17.7
21115,ROSE CARAVAN DOORSTOP,6,38.28
23047,PAPER LANTERN 5 POINT SEQUIN STAR,6,34.5
22955,36 FOIL STAR CAKE CASES ,6,12.6
21470,FLOWER VINE RAFFIA FOOD COVER,6,22.5
84949,SILVER HANGING T-LIGHT HOLDER,6,9.9
22089,PAPER BUNTING VINTAGE PAISLEY,6,17.7
21774,DECORATIVE CATS BATHROOM BOTTLE,6,10.04
20775,DAISY NOTEBOOK ,6,9.9
23185,FRENCH STYLE STORAGE JAR JAM,6,1.74
37482P,CUBIC MUG PINK POLKADOT,6,2.34
84674,FLYING PIG WATERING CAN,6,17.7
37327,ASSTD MULTICOLOUR CIRCLES MUG,6,5.82
21320,GLASS CHALICE GREEN  LARGE ,6,15.3
35817P,"ACRYLIC JEWEL SNOWFLAKE,PINK",6,15.3
85049C,ROMANTIC PINKS RIBBONS ,6,7.5
22142,CHRISTMAS CRAFT WHITE FAIRY ,6,10.54
85177,BASKET OF FLOWERS SEWING KIT,6,5.1
23341,PINK DINER WALL CLOCK,6,51.0
23529,WALL ART DOLLY GIRL ,6,22.5
21906,PHARMACIE FIRST AID TIN,6,40.5
21249,WOODLAND  HEIGHT CHART STICKERS ,6,17.7
21875,KINGS CHOICE MUG,6,7.5
22389,PAPERWEIGHT SAVE THE PLANET,6,15.3
23409,PHOTO FRAME LINEN AND LACE LARGE,6,22.5
21484,CHICK GREY HOT WATER BOTTLE,6,25.5
23075,PARLOUR CERAMIC WALL HOOK,6,24.9
22582,PACK OF 6 SWEETIE GIFT BOXES,6,15.3
22860,EASTER TIN CHICKS PINK DAISY,6,9.9
15044D,RED PAPER PARASOL,6,17.7
21067,VINTAGE RED TEATIME MUG,6,7.5
21654,RIDGED GLASS FINGER BOWL,6,8.7
23213,STAR WREATH DECORATION WITH BELL,6,7.5
21198,WHITE HEART CONFETTI IN TUBE,6,9.9
46000R,POLYESTER FILLER PAD 45x30cm,6,8.7
23527,WALL ART ANIMALS AND NATURE ,6,22.5
82567,"AIRLINE LOUNGE,METAL SIGN",6,12.6
85039B,S/4 IVORY MINI ROSE CANDLE IN BOWL,6,9.78
22063,CERAMIC BOWL WITH STRAWBERRY DESIGN,6,17.7
23318,BOX OF 6 MINI VINTAGE CRACKERS,6,14.94
21813,GARLAND WITH STARS AND BELLS,6,29.7
21609,SET 12 LAVENDER  BOTANICAL T-LIGHTS,6,17.7
85061W,WHITE JEWELLED HEART DECORATION,6,5.1
21578,WOODLAND DESIGN  COTTON TOTE BAG,6,13.5
21695,SMALL SILVER FLOWER CANDLE POT,6,17.7
22503,CABIN BAG VINTAGE PAISLEY,6,149.7
21745,GAOLERS KEYS DECORATIVE GARDEN ,6,22.5
21949,SET OF 6 STRAWBERRY CHOPSTICKS,6,7.5
22444,GROW YOUR OWN PLANT IN A CAN ,6,15.06
23404,HOME SWEET HOME BLACKBOARD,6,29.7
22831,WHITE BROCANTE SOAP DISH,6,17.7
22922,FRIDGE MAGNETS US DINER ASSORTED,6,10.8
71510,SQUARE METAL CANDLEHOLDER BASE,6,5.1
22840,ROUND CAKE TIN VINTAGE RED,5,47.59
23207,LUNCH BAG ALPHABET DESIGN,5,13.21
21533,RETROSPOT LARGE MILK JUG,5,24.75
22117,METAL SIGN HER DINNER IS SERVED ,5,13.43
85131B,BEADED CRYSTAL HEART GREEN ON STICK,5,4.15
22849,BREAD BIN DINER STYLE MINT,5,76.75
22626,BLACK KITCHEN SCALES,5,42.5
22890,NOVELTY BISCUITS CAKE STAND 3 TIER,5,49.75
23255,CHILDRENS CUTLERY CIRCUS PARADE,5,20.75
72349B,SET/6 PURPLE BUTTERFLY T-LIGHTS,5,10.5
84968F,SET OF 16 VINTAGE SKY BLUE CUTLERY,5,41.45
23507,MINI PLAYING CARDS BUFFALO BILL ,5,2.1
22624,IVORY KITCHEN SCALES,5,58.76
22171,3 HOOK PHOTO SHELF ANTIQUE WHITE,5,42.5
22701,PINK DOG BOWL,5,12.3
85049G,CHOCOLATE BOX RIBBONS ,5,7.46
23485,BOTANICAL GARDENS WALL CLOCK ,5,108.2
22665,RECIPE BOX BLUE SKETCHBOOK DESIGN,5,26.11
23283,DOORMAT VINTAGE LEAVES DESIGN ,5,39.75
22845,VINTAGE CREAM CAT FOOD CONTAINER,5,37.86
22485,SET OF 2 WOODEN MARKET CRATES,5,63.75
22721,SET OF 3 CAKE TINS SKETCHBOOK,5,18.75
22494,EMERGENCY FIRST AID TIN ,5,12.3
20856,DENIM PATCH PURSE PINK BUTTERFLY,5,8.17
22097,SWALLOW SQUARE TISSUE BOX,5,4.07
84987,SET OF 36 TEATIME PAPER DOILIES,5,11.02
22244,3 HOOK HANGER MAGIC GARDEN,5,9.75
22501,PICNIC BASKET WICKER LARGE,5,60.59
22248,DECORATION  PINK CHICK MAGIC GARDEN,5,4.25
21803,CHRISTMAS TREE STAR DECORATION,5,2.15
23412,HEART MIRROR ANTIQUE WHITE,5,37.5
23136,IVORY WIRE SWEETHEART LETTER TRAY,5,18.75
10002,INFLATABLE POLITICAL GLOBE ,5,4.25
22353,LUNCH BOX WITH CUTLERY FAIRY CAKES ,5,12.75
47585A,PINK FAIRY CAKE CUSHION COVER,5,19.13
22743,MAKE YOUR OWN FLOWERPOWER CARD KIT,5,17.59
15044C,PURPLE PAPER PARASOL,5,14.75
35922,EASTER BUNNY WREATH,5,24.75
23080,RED METAL BOX TOP SECRET,5,66.39
15030,FAN BLACK FRAME ,5,1.45
21556,CERAMIC STRAWBERRY MONEY BOX,5,13.97
22992,REVOLVER WOODEN RULER ,5,9.75
22376,AIRLINE BAG VINTAGE JET SET WHITE,5,21.25
21715,GIRLS VINTAGE TIN SEASIDE BUCKET,5,24.8
22645,CERAMIC HEART FAIRY CAKE MONEY BANK,5,9.93
21618,4 WILDFLOWER BOTANICAL CANDLES,5,13.59
23014,GLASS APOTHECARY BOTTLE ELIXIR,5,32.77
22188,BLACK HEART CARD HOLDER,5,24.09
85103,SILVER T-LIGHT SETTING,5,66.45
22599,CHRISTMAS MUSICAL ZINC STAR,5,4.15
23332,IVORY WICKER HEART LARGE,5,8.25
21755,LOVE BUILDING BLOCK WORD,5,30.35
22664,TOY TIDY DOLLY GIRL DESIGN,5,10.5
23502,PLAYING CARDS VINTAGE DOILY ,5,6.25
21147,JINGLE BELLS TREE DECORATION,5,8.15
21408,SPOTTY PINK DUCK DOORSTOP,5,21.25
21822,GLITTER CHRISTMAS TREE WITH BELLS,5,3.95
22604,SET OF 4 NAPKIN CHARMS CUTLERY,5,12.75
22846,BREAD BIN DINER STYLE RED ,4,67.8
21317,GLASS SPHERE CANDLE STAND MEDIUM,4,43.16
23349,ROLL WRAP VINTAGE CHRISTMAS,4,5.0
22541,MINI JIGSAW LEAP FROG,4,1.4
71038,WHITE HANGING BEADS CANDLE HOLDER,4,21.8
21128,GOLD FISHING GNOME,4,27.8
84968C,SET OF 16 VINTAGE PISTACHIO CUTLERY,4,33.88
37444C,PINK BREAKFAST CUP AND SAUCER ,4,11.8
84877B,GREEN ROUND COMPACT MIRROR,4,7.42
22894,TABLECLOTH RED APPLES DESIGN ,4,36.9
DOT,DOTCOM POSTAGE,4,556.83
22813,PACK 3 BOXES BIRD PANNETONE ,4,12.16
22119,PEACE WOODEN BLOCK LETTERS,4,27.8
21382,SET/4 SPRING FLOWER DECORATION,4,11.8
22478,BIRDHOUSE GARDEN MARKER ,4,6.21
20984,12 PENCILS TALL TUBE POSY,4,1.16
22499,WOODEN UNION JACK BUNTING,4,23.8
23091,ZINC HERB GARDEN CONTAINER,4,25.0
90013B,BLACK VINTAGE EARRINGS,4,16.78
23051,RECYCLED ACAPULCO MAT BLUE,4,41.38
23129,HEART SHAPED HOLLY WREATH,4,16.6
21373,MIRRORED WALL ART SNOWFLAKES,4,3.0
22227,HANGING HEART MIRROR DECORATION ,4,2.6
84974,S/2 ZINC HEART DESIGN PLANTERS,4,39.8
23254,CHILDRENS CUTLERY DOLLY GIRL ,4,16.6
85032D,YULETIDE IMAGES GIFT WRAP SET,4,6.52
22953,BIRTHDAY PARTY CORDON BARRIER TAPE,4,5.0
21561,DINOSAUR LUNCH BOX WITH CUTLERY,4,12.61
84843,WHITE SOAP RACK WITH 2 BOTTLES,4,23.8
22292,HANGING CHICK  YELLOW DECORATION,4,5.8
21619,4 VANILLA BOTANICAL CANDLES,4,5.0
21809,CHRISTMAS HANGING TREE WITH BELL,4,7.77
84968A,SET OF 16 VINTAGE ROSE CUTLERY,4,33.88
22939,ADULT APRON APPLE DELIGHT,4,19.8
22431,WATERING CAN BLUE ELEPHANT,4,9.98
84789,ENCHANTED BIRD PLANT CAGE,4,15.0
37449,CERAMIC CAKE STAND + HANGING CAKES,4,39.8
22381,TOY TIDY PINK POLKADOT,4,11.26
35916A,YELLOW FELT HANGING HEART W FLOWER,4,2.52
85188A,GREEN METAL SWINGING BUNNY,4,3.4
20654,FIRST CLASS LUGGAGE TAG ,4,5.0
22493,PAINT YOUR OWN CANVAS SET,4,8.24
40005B,BLUE ORGANDY ROUND LAMPSHADE W BEA,4,3.4
20733,GOLD MINI TAPE MEASURE ,4,3.32
37489D,PINK/GREEN FLOWER DESIGN BIG MUG,4,1.56
23534,WALL ART STOP FOR TEA ,4,23.8
22443,GROW YOUR OWN HERBS SET OF 3,4,31.8
20751,FUNKY WASHING UP GLOVES ASSORTED,4,8.4
85186C,BUNNY EGG GARLAND,4,1.68
21363,HOME SMALL WOOD LETTERS,4,19.8
23182,TOILET SIGN OCCUPIED OR VACANT,4,9.84
84596G,SMALL CHOCOLATES PINK BOWL,4,1.68
22446,PIN CUSHION BABUSHKA PINK,4,9.84
23085,ANTIQUE SILVER BAUBLE LAMP  ,4,41.6
15039,SANDALWOOD FAN,4,4.21
84509B,SET OF 4 FAIRY CAKE PLACEMATS,4,15.0
22208,WOOD STAMP SET THANK YOU,4,6.65
22690,DOORMAT HOME SWEET HOME BLUE ,4,32.4
84997C,CHILDRENS CUTLERY POLKADOT BLUE,4,16.6
85199S,SMALL HANGING IVORY/RED WOOD BIRD,4,2.5
22968,ROSE COTTAGE KEEPSAKE BOX ,4,59.82
22221,CAKE STAND LOVEBIRD 2 TIER PINK,4,39.8
15056P,EDWARDIAN PARASOL PINK,4,30.31
23012,GLASS APOTHECARY BOTTLE PERFUME,4,15.8
22703,PINK CAT BOWL,4,6.52
23528,WALL ART SPACEBOY,4,15.0
21467,CHERRY CROCHET FOOD COVER,4,15.0
90205A,LARGE MINT DIAMANTE HAIRSLIDE,4,6.6
23424,GINGHAM RECIPE BOOK BOX,4,19.8
22638,SET OF 4 NAPKIN CHARMS CROWNS ,4,10.2
22628,PICNIC BOXES SET OF 3 RETROSPOT ,4,19.8
22566,FELTCRAFT HAIRBAND PINK AND PURPLE,4,5.74
22374,AIRLINE BAG VINTAGE JET SET RED,4,17.0
20702,PINK PADDED MOBILE,4,17.0
21204,DAISIES  HONEYCOMB GARLAND ,4,6.52
22270,HAPPY EASTER HANGING DECORATION,4,15.0
22564,ALPHABET STENCIL CRAFT,4,5.0
22854,CREAM SWEETHEART EGG HOLDER,4,19.8
21205,MULTICOLOUR 3D BALLS GARLAND,4,10.2
20764,ABSTRACT CIRCLES SKETCHBOOK ,4,15.0
20832,RED FLOCK LOVE HEART PHOTO FRAME,4,3.4
84968D,SET OF 16 VINTAGE RED CUTLERY,4,37.62
21386,IVORY HANGING DECORATION  EGG,4,6.52
90214E,"LETTER ""E"" BLING KEY RING",4,3.32
21713,CITRONELLA CANDLE FLOWERPOT,4,8.4
85035A,GARDENIA 3 WICK MORRIS BOXED CANDLE,4,17.0
37495,FAIRY CAKE BIRTHDAY CANDLE SET,4,15.0
21471,STRAWBERRY RAFFIA FOOD COVER,4,13.16
23323,WHITE WICKER STAR ,3,8.33
21109,LARGE CAKE TOWEL CHOCOLATE SPOTS,3,20.25
20754,RETROSPOT RED WASHING UP GLOVES,3,10.36
85049e,SCANDINAVIAN REDS RIBBONS,3,9.87
21218,RED SPOTTY BISCUIT TIN,3,24.87
22812,PACK 3 BOXES CHRISTMAS PANETTONE,3,5.85
84970l,SINGLE HEART ZINC T-LIGHT HOLDER,3,6.24
22990,COTTON APRON PANTRY DESIGN,3,14.85
84969,BOX OF 6 ASSORTED COLOUR TEASPOONS,3,14.87
21429,RED GINGHAM ROSE JEWELLERY BOX,3,8.03
22635,CHILDS BREAKFAST SET DOLLY GIRL ,3,39.86
22081,RIBBON REEL FLORA + FAUNA ,3,9.87
22497,SET OF 2 TINS VINTAGE BATHROOM ,3,21.01
21851,LILAC DIAMANTE PEN IN GIFT BOX,3,14.85
21945,STRAWBERRIES  DESIGN FLANNEL ,3,4.89
21944,KITTENS DESIGN FLANNEL,3,2.53
23079,TOADSTOOL BEDSIDE LIGHT ,3,26.85
23427,STOOL HOME SWEET HOME ,3,37.5
21808,"CHRISTMAS GARLAND STARS,TREES",3,9.87
23127,FELTCRAFT GIRL NICOLE KIT,3,14.85
22378,WALL TIDY RETROSPOT ,3,10.36
22545,MINI JIGSAW BUNNIES,3,1.69
22471,TV DINNER TRAY AIR HOSTESS ,3,12.39
22757,LARGE RED BABUSHKA NOTEBOOK ,3,4.1
23533,WALL ART GARDEN HAVEN ,3,17.85
84625A,PINK NEW BAROQUECANDLESTICK CANDLE,3,7.49
21189,WHITE HONEYCOMB PAPER GARLAND ,3,10.08
22312,OFFICE MUG WARMER POLKADOT,3,11.81
22375,AIRLINE BAG VINTAGE JET SET BROWN,3,12.75
23461,SWEETHEART BIRD HOUSE,3,12.45
20886,BOX OF 9 PEBBLE CANDLES,3,5.85
22135,MINI LADLE LOVE HEART PINK,3,2.49
22946,WOODEN ADVENT CALENDAR CREAM,3,84.63
22258,FELT FARM ANIMAL RABBIT,3,5.75
21991,BOHEMIAN COLLAGE STATIONERY SET,3,6.17
22428,ENAMEL FIRE BUCKET CREAM,3,20.85
47420,ASSORTED COLOUR SUCTION CUP HOOK,3,0.57
22567,20 DOLLY PEGS RETROSPOT,3,7.53
21259,VICTORIAN SEWING BOX SMALL ,3,24.36
22424,ENAMEL BREAD BIN CREAM,3,50.46
84673B,BLUE FLY SWAT,3,1.95
84459B,YELLOW METAL CHICKEN HEART ,3,4.47
22339,CHRISTMAS TREE PAINTED ZINC ,3,1.89
23123,COCKTAIL SWORDS 50 PIECES,3,2.49
84685,BEACH HUT KEY CABINET,3,22.86
22972,CHILDREN'S SPACEBOY MUG,3,4.95
85131A,BEADED PEARL HEART WHITE ON STICK,3,2.91
23087,ZINC  HEART T-LIGHT HOLDER,3,7.38
23316,RED REFECTORY CLOCK ,3,29.85
21534,DAIRY MAID LARGE MILK JUG,3,14.85
22271,FELTCRAFT DOLL ROSIE,3,11.69
22162,HEART GARLAND RUSTIC PADDED,3,10.08
72598,SET/12 TAPER CANDLES,3,4.92
35915C,PEACH KNITTED HEN ,3,2.49
23347,I LOVE LONDON BEAKER,3,3.75
47422,ASSORTED MONKEY SUCTION CUP HOOK,3,1.26
23366,SET 12 COLOURING PENCILS DOILY,3,1.95
23010,CIRCUS PARADE BABY GIFT SET,3,44.69
22941,CHRISTMAS LIGHTS 10 REINDEER,3,25.5
22508,DOORSTOP RETROSPOT HEART,3,11.25
22517,CHILDS GARDEN RAKE PINK,3,6.3
21900,"KEY FOB , SHED",3,4.89
23395,BELLE JARDINIERE CUSHION COVER,3,18.29
37448,CERAMIC CAKE DESIGN SPOTTED MUG,3,6.27
23490,T-LIGHT HOLDER HANGING LOVE BIRD,3,11.25
23342,MINT DINER WALL CLOCK,3,25.5
21905,MORE BUTTER METAL SIGN ,3,3.21
23407,SET OF 2 TRAYS HOME SWEET HOME,3,29.85
47574A,ENGLISH ROSE SCENTED HANGING FLOWER,3,7.38
84459A,PINK METAL CHICKEN HEART ,3,6.34
23526,WALL ART DOG LICENCE ,3,37.38
72800C,4 PINK DINNER CANDLE SILVER FLOCK,3,10.06
21428,SET3 BOOK BOX GREEN GINGHAM FLOWER ,3,16.79
15056n,EDWARDIAN PARASOL NATURAL,3,37.38
22776,SWEETHEART 3 TIER CAKE STAND ,3,49.87
23088,ZINC HEART FLOWER T-LIGHT HOLDER,3,7.38
23378,PACK OF 12 50'S CHRISTMAS TISSUES,3,1.17
84031A,CHARLIE+LOLA RED HOT WATER BOTTLE ,3,13.22
22154,ANGEL DECORATION 3 BUTTONS ,3,1.26
22134,MINI LADLE LOVE HEART RED ,3,2.08
20992,JAZZ HEARTS PURSE NOTEBOOK,3,1.17
22207,FRYING PAN UNION FLAG,3,25.41
23056,FLOWERS CHANDELIER T-LIGHT HOLDER,3,18.75
85132B,CHARLIE AND LOLA TABLE TINS,3,5.85
23053,RECYCLED ACAPULCO MAT PINK,3,33.13
21187,WHITE BELL HONEYCOMB PAPER GARLAND ,3,9.87
85053,FRENCH ENAMEL CANDLEHOLDER,3,6.3
22653,BUTTON BOX ,3,8.03
90028,NEW BAROQUE LARGE NECKLACE BLK/WHIT,3,25.13
72807C,SET/3 VANILLA SCENTED CANDLE IN BOX,3,24.87
84832,ZINC WILLIE WINKIE  CANDLE STICK,3,4.89
23094,LE GRAND TRAY CHIC SET,3,37.5
22456,NATURAL SLATE CHALKBOARD LARGE ,3,14.85
21042,RED RETROSPOT APRON ,3,17.85
22249,DECORATION WHITE CHICK MAGIC GARDEN,3,2.43
23302,KNEELING MAT HOUSEWORK  DESIGN,3,4.95
84519B,CARROT CHARLIE+LOLA COASTER SET,3,3.75
21884,CAKES AND BOWS GIFT  TAPE,3,1.95
23118,PARISIENNE JEWELLERY DRAWER ,3,22.5
85179A,GREEN BITTY LIGHT CHAIN,3,3.75
72349b,SET/6 PURPLE BUTTERFLY T-LIGHTS,3,12.39
22193,RED DINER WALL CLOCK,3,25.5
22997,TRAVEL CARD WALLET UNION JACK,3,1.26
23156,SET OF 5 MINI GROCERY MAGNETS,3,6.24
85187,S/12 MINI RABBIT EASTER,3,4.95
22191,IVORY DINER WALL CLOCK,3,25.5
22361,GLASS JAR DAISY FRESH COTTON WOOL,3,11.69
84750B,BLACK SMALL GLASS CAKE STAND,3,5.85
85231G,ORANGE SCENTED SET/9 T-LIGHTS,3,2.55
85184C,S/4 VALENTINE DECOUPAGE HEART BOX,3,8.85
21832,CHOCOLATE CALCULATOR,3,4.95
22179,SET 10 NIGHT OWL LIGHTS,3,20.25
22678,FRENCH BLUE METAL DOOR SIGN 3,3,7.38
35646,VINTAGE BEAD PINK EVENING BAG,3,7.38
84510A,SET OF 4 ENGLISH ROSE COASTERS,3,3.75
84706F,RED PEONY TABLE CLOCK,3,8.85
72802C,VANILLA SCENT CANDLE JEWELLED BOX,3,12.75
22186,RED STAR CARD HOLDER,3,17.37
16258A,SWIRLY CIRCULAR RUBBERS IN BAG,3,2.49
23530,WALL ART ONLY ONE PERSON ,3,32.37
20766,GARDEN PATH SKETCHBOOK,3,11.25
72760B,VINTAGE CREAM 3 BASKET CAKE STAND,2,30.74
37476,CONDIMENT TRAY 4 BOWLS AND 4 SPOONS,2,18.24
22669,RED BABY BUNTING ,2,5.9
22529,MAGIC DRAWING SLATE GO TO THE FAIR ,2,0.84
22286,DECORATION WOBBLY RABBIT METAL ,2,6.58
21899,GARAGE KEY FOB,2,1.3
82599,FANNY'S REST STOPMETAL SIGN,2,4.2
85200,BUNNY EGG BOX,2,2.5
21987,PACK OF 6 SKULL PAPER CUPS,2,1.3
22837,HOT WATER BOTTLE BABUSHKA ,2,9.3
35095A,BLUE VICTORIAN FABRIC OVAL BOX,2,1.66
72799E,IVORY PILLAR CANDLE SILVER FLOCK,2,6.58
84360,TABLE LAMP WHITE SHADE WOOD BASE,2,11.9
35914,PINK CHICK EGG WARMER + EGG CUP,2,1.66
22514,CHILDS GARDEN SPADE BLUE,2,4.2
84535B,FAIRY CAKES NOTEBOOK A6 SIZE,2,2.11
23183,MOTHER'S KITCHEN SPOON REST ,2,14.92
22770,MIRROR CORNICE,2,29.9
17012B,ORIGAMI JASMINE INCENSE/CANDLE SET,2,3.31
84803B,WHITE ALLIUM  ARTIFICIAL FLOWER,2,3.38
23093,SMALL PARISIENNE HEART PHOTO FRAME ,2,4.98
22679,FRENCH BLUE METAL DOOR SIGN 4,2,3.71
85129D,BEADED CRYSTAL HEART PINK SMALL,2,4.92
21327,SKULLS WRITING SET ,2,3.3
84800S,SMALL WHITE/PINK ROSE ART FLOWER,2,2.5
90198A,VINTAGE ROSE BEAD BRACELET RASPBERR,2,8.39
22914,BLUE COAT RACK PARIS FASHION,2,9.9
90035C,"PEARL & SHELL 42""NECKL. IVORY",2,21.5
22055,MINI CAKE STAND  HANGING STRAWBERY,2,3.3
22187,GREEN CHRISTMAS TREE CARD HOLDER,2,3.9
20752,BLUE POLKADOT WASHING UP GLOVES,2,4.2
22848,BREAD BIN DINER STYLE PINK,2,33.9
85173,SET/6 FROG PRINCE T-LIGHT CANDLES,2,7.51
22519,CHILDS GARDEN BRUSH PINK,2,4.2
84569D,PACK 6 HEART/ICE-CREAM PATCHES,2,4.92
21786,POLKADOT RAIN HAT ,2,1.25
21749,LARGE RED RETROSPOT WINDMILL,2,8.26
22429,ENAMEL MEASURING JUG CREAM,2,8.5
23153,ZINC SWEETHEART WIRE LETTER RACK,2,7.5
48111,DOORMAT 3 SMILEY CATS,2,24.04
23133,LARGE IVORY HEART WALL ORGANISER,2,16.5
23512,EMBROIDERED RIBBON REEL ROSIE,2,4.16
22753,SMALL YELLOW BABUSHKA NOTEBOOK ,2,2.48
85130D,BEADED CRYSTAL HEART PINK LARGE,2,3.3
21871,SAVE THE PLANET MUG,2,6.58
23047,PAPER LANTERN 5 POINT STUDDED STAR,2,11.5
84870C,GREEN GEISHA GIRL ,2,7.5
21215,IVORY PAPER CUP CAKE CASES ,2,2.5
85034B,3 WHITE CHOC MORRIS BOXED CANDLES,2,4.61
22861,EASTER TIN CHICKS IN GARDEN,2,4.94
35095B,RED VICTORIAN FABRIC OVAL BOX,2,1.66
21446,12 RED ROSE PEG PLACE SETTINGS,2,2.5
23379,PACK OF 12 RED APPLE TISSUES,2,1.66
23219,LAUREL STAR ANTIQUE SILVER ,2,3.71
35648,VINTAGE BEAD PINK PURSE ,2,1.66
85030,FRENCH CHATEAU OVAL PLATTER,2,3.9
22099,CARAVAN SQUARE TISSUE BOX,2,0.78
90190B,GOLD/AMBER DROP EARRINGS W LEAF,2,5.92
21466,RED FLOWER CROCHET FOOD COVER,2,7.5
20682,RED RETROSPOT CHILDRENS UMBRELLA,2,13.4
85125,SMALL ROUND CUT GLASS CANDLESTICK,2,9.9
21657,MILK BOTTLE WITH GLASS STOPPER ,2,13.9
23150,IVORY SWEETHEART SOAP DISH,2,9.92
22059,CERAMIC STRAWBERRY DESIGN MUG,2,2.98
23114,VINTAGE LEAF CHOPPING BOARD  ,2,9.9
22797,CHEST OF DRAWERS GINGHAM HEART ,2,50.24
72586,SET OF 6 HALLOWEEN GHOST T-LIGHTS,2,0.84
22927,GREEN GIANT GARDEN THERMOMETER,2,11.9
22325,MOBILE VINTAGE HEARTS ,2,8.24
21775,DECORATIVE FLORE BATHROOM BOTTLE,2,4.92
22513,DOORSTOP FOOTBALL DESIGN,2,7.5
23331,DECORATIVE WICKER HEART SMALL,2,1.26
22719,GUMBALL MONOCHROME COAT RACK,2,4.92
90214S,"LETTER ""S"" BLING KEY RING",2,1.66
22763,KEY CABINET MA CAMPAGNE,2,19.9
22680,FRENCH BLUE METAL DOOR SIGN 5,2,2.5
20667,CHERRY BLOSSOM PURSE,2,4.92
37342,POLKADOT COFFEE CUP & SAUCER PINK,2,1.58
21896,POTTING SHED TWINE,2,6.31
21288,STRIPEY CHOCOLATE NESTING BOXES,2,6.58
22284,HEN HOUSE DECORATION,2,3.3
20762,GREEN FERN SKETCHBOOK ,2,7.5
22215,CAKE STAND WHITE TWO TIER LACE,2,17.0
85086A,CANDY SPOT HEART DECORATION,2,1.66
21313,GLASS HEART T-LIGHT HOLDER ,2,2.48
21411,GINGHAM HEART  DOORSTOP RED,2,16.94
22173,METAL 4 HOOK HANGER FRENCH CHATEAU,2,5.9
22696,WICKER WREATH LARGE,2,3.9
20996,JAZZ HEARTS ADDRESS BOOK,2,1.66
84997c,CHILDRENS CUTLERY POLKADOT BLUE,2,16.58
22754,SMALL RED BABUSHKA NOTEBOOK ,2,2.48
47481,50CM METAL STRING WITH  7 CLIPS,2,1.7
23290,SPACEBOY CHILDRENS BOWL,2,2.5
90161D,ANT COPPER PINK BOUDICCA BRACELET,2,9.96
23042,PAPER LANTERN 7 POINT SNOW STAR,2,13.3
23401,RUSTIC MIRROR WITH LACE HEART,2,12.5
21439,BASKET OF TOADSTOOLS,2,2.5
82578,KITCHEN METAL SIGN,2,1.1
85049F,BABY BOOM RIBBONS ,2,2.5
84508B,STRIPES DESIGN TEDDY,2,5.1
84754,S/15 SILVER GLASS BAUBLES IN BAG,2,5.02
22891,TEA FOR ONE POLKADOT,2,16.58
21375,LARGE CAMPHOR WOOD FIELD MUSHROOM ,2,10.9
23559,WOODLAND BUNNIES LOLLY MAKERS,2,8.26
21258,VICTORIAN SEWING BOX LARGE,2,25.5
20686,DOLLY MIXTURE CHILDREN'S UMBRELLA,2,6.5
23050,RECYCLED ACAPULCO MAT GREEN,2,24.88
22776,SWEETHEART CAKESTAND 3 TIER,2,19.9
90125E,AMBER BERTIE GLASS BEAD BAG CHARM,2,3.26
85198,ASSORTED FARMYARD ANIMALS IN BUCKET,2,3.26
90134,OLD ROSE COMBO BEAD NECKLACE,2,5.8
85016,SET OF 6 VINTAGE NOTELETS KIT,2,4.97
22605,WOODEN CROQUET GARDEN SET,2,29.9
21867,PINK UNION JACK  LUGGAGE TAG,2,2.5
21340,CLASSIC METAL BIRDCAGE PLANT HOLDER,2,25.5
84509a,SET OF 4 ENGLISH ROSE PLACEMATS,2,14.92
22746,POPPY'S PLAYHOUSE LIVINGROOM ,2,5.39
23086,ZINC  STAR T-LIGHT HOLDER ,2,4.92
22739,RIBBON REEL CHRISTMAS SOCK BAUBLE,2,6.72
22548,HEADS AND TAILS SPORTING FUN,2,2.5
21872,GLAMOROUS  MUG,2,2.5
22780,LIGHT GARLAND BUTTERFILES PINK,2,8.5
82011C,BATHROOM SCALES FOOTPRINTS IN SAND,2,7.5
90214K,"LETTER ""K"" BLING KEY RING",2,2.08
20831,GOLD PHOTO FRAME,2,4.2
82600,N0 SINGING METAL SIGN,2,8.26
20801,LARGE PINK GLASS SUNDAE DISH,2,1.58
21457,2 PICTURE BOOK EGGS EASTER DUCKS,2,2.5
21175,GIN AND TONIC DIET METAL SIGN,2,5.1
23264,SET OF 3 WOODEN SLEIGH DECORATIONS,2,2.5
21804,WHITE CHRISTMAS GARLAND STARS TREES,2,6.58
90174,BUTTERFLY HAIR BAND,2,4.96
48188,DOORMAT WELCOME PUPPIES,2,22.38
22204,MILK PAN BLUE POLKADOT,2,6.58
90114,SUMMER DAISIES BAG CHARM,2,4.92
22422,TOOTHPASTE TUBE PEN,2,2.5
22623,BOX OF VINTAGE JIGSAW BLOCKS ,2,17.41
22168,ORGANISER WOOD ANTIQUE WHITE ,2,17.0
22280,POCKET BAG PINK PAISELY BROWN SPOT,2,1.7
22795,SWEETHEART RECIPE BOOK STAND,2,13.5
23140,TRIPLE WIRE HOOK IVORY HEART,2,8.26
22813,PACK 3 BOXES BIRD PANETTONE ,2,8.26
22254,FELT TOADSTOOL LARGE,2,2.5
21367,MIRRORED WALL ART GENTS,2,1.5
90214A,"LETTER ""A"" BLING KEY RING",2,1.7
84912B,GREEN ROSE WASHBAG,2,7.5
21557,SET OF 6 FUNKY BEAKERS,2,11.26
90160A,PURPLE BOUDICCA LARGE BRACELET,2,13.9
84218,BOX/12 CHICK & EGG IN BASKET,2,3.9
82552,WASHROOM METAL SIGN,2,3.91
22170,PICTURE FRAME WOOD TRIPLE PORTRAIT,2,13.5
17091J,VANILLA INCENSE IN TIN,2,0.76
22091,EMPIRE TISSUE BOX,2,0.78
85124B,BLUE JUICY FRUIT PHOTO FRAME,2,5.1
84796B,BLUE SAVANNAH PICNIC HAMPER FOR 2,2,16.58
90209B,GREEN ENAMEL+GLASS HAIR COMB,2,4.22
21143,ANTIQUE GLASS HEART DECORATION ,2,3.9
84251C,"GREETING CARD, TWO SISTERS.",2,1.66
90019A,SILVER M.O.P ORBIT BRACELET,2,10.8
23187,FRENCH STYLE STORAGE JAR BONBONS,2,0.58
22981,PANTRY APPLE CORER,2,2.9
21240,BLUE POLKADOT CUP,2,3.26
84509C,SET OF 4 POLKADOT PLACEMATS ,2,6.58
84279P,CHERRY BLOSSOM  DECORATIVE FLASK,2,7.5
22841,ROUND CAKE TIN VINTAGE GREEN,2,15.9
22289,HANGING METAL CHICKEN DECORATION,2,2.5
22905,CALENDAR IN SEASON DESIGN,2,4.92
22794,SWEETHEART WIRE MAGAZINE RACK,2,15.9
70006,LOVE HEART POCKET WARMER,2,3.3
20902,VINTAGE KEEPSAKE BOX PARIS DAYS,2,12.7
85034C,3 ROSE MORRIS BOXED CANDLES,2,2.5
23081,GREEN METAL BOX ARMY SUPPLIES,2,16.5
22847,BREAD BIN DINER STYLE IVORY,2,33.9
23561,SET OF 6 RIBBONS PARTY,2,5.78
22942,CHRISTMAS LIGHTS 10 SANTAS ,2,17.0
21038,SET/4 MODERN VINTAGE COTTON NAPKINS,2,5.9
46775D,SUNSET COLOUR CHUNKY KNITTED THROW,2,33.9
20750,RED RETROSPOT MINI CASES,2,15.9
90129E,PURPLE GLASS TASSLE BAG CHARM,2,3.26
85071A,BLUE CHARLIE+LOLA PERSONAL DOORSIGN,2,0.78
21000,ROSE DU SUD COSMETICS BAG,1,3.29
90187B,GREEN DROP EARRINGS W BEAD CLUSTER,1,3.32
22784,LANTERN CREAM GAZEBO ,1,10.79
21061,PARTY INVITES FOOTBALL,1,0.85
21723,ALPHABET HEARTS STICKER SHEET,1,1.66
85169C,EAU DE NIL LOVE BIRD CANDLE,1,1.25
23498,CLASSIC BICYCLE CLIPS ,1,1.45
21413,PERIWINKLE T-LIGHT HOLDER,1,2.51
84915,HAND TOWEL PINK FLOWER AND DAISY,1,4.13
90214W,"LETTER ""W"" BLING KEY RING",1,0.85
90030B,RED KUKUI COCONUT SEED NECKLACE,1,5.94
22358,KINGS CHOICE TEA CADDY ,1,2.95
90014B,GOLD M PEARL  ORBIT NECKLACE,1,9.95
85039a,SET/4 RED MINI ROSE CANDLE IN BOWL,1,3.36
22416,SET OF 36 SPACEBOY PAPER DOILIES,1,1.45
22799,SWEETHEART WIRE FRUIT BOWL,1,8.5
22136,LOVE HEART SOCK HANGER,1,3.29
84731,3 BIRDS CANVAS SCREEN,1,0.39
22251,BIRDHOUSE DECORATION MAGIC GARDEN,1,2.51
84078A,SET/4 WHITE RETRO STORAGE CUBES ,1,74.96
23052,RECYCLED ACAPULCO MAT TURQUOISE,1,8.25
84859C,PINK DISCO HANDBAG,1,4.13
84508C,BLUE CIRCLES DESIGN TEDDY,1,4.96
85032A,ROMANTIC IMAGES GIFT WRAP SET,1,4.21
23487,SWEET HEART CAKE CARRIER,1,9.95
84997D,PINK 3 PIECE POLKADOT CUTLERY SET,1,3.75
21793,CLASSIC FRENCH STYLE BASKET BROWN,1,3.95
84661B,BLACK SQUARE TABLE CLOCK,1,4.96
90094,NECKLACE+BRACELET SET FRUIT SALAD ,1,2.55
21458,2 PICTURE BOOK EGGS EASTER BUNNY,1,2.46
44092C,PURPLE/COPPER HANGING LAMPSHADE,1,0.85
21463,MIRRORED DISCO BALL ,1,5.95
23314,VINTAGE CHRISTMAS TABLECLOTH,1,24.96
22261,FELT EGG COSY WHITE RABBIT ,1,0.85
84819,DANISH ROSE ROUND SEWING BOX,1,4.25
22829,SWEETHEART WIRE WALL TIDY,1,20.79
23236,DOILEY STORAGE TIN,1,2.89
23004,TRAVEL CARD WALLET PANTRY,1,0.42
22929,SCHOOL DESK AND CHAIR ,1,65.0
84884A,ANT WHITE WIRE HEART SPIRAL,1,8.47
23113,PANTRY CHOPPING BOARD,1,4.95
21595,Dad's Cab Electronic Meter,1,8.47
21928,JUMBO BAG SCANDINAVIAN PAISLEY,1,1.95
22166,WALL MIRROR RECTANGLE DIAMANTE PINK,1,7.62
22533,MAGIC DRAWING SLATE BAKE A CAKE ,1,0.85
C2,CARRIAGE,1,50.0
23035,DRAWER KNOB CERAMIC IVORY,1,1.45
22318,FIVE HEART HANGING DECORATION,1,5.79
84507B,STRIPES DESIGN MONKEY DOLL,1,4.96
21630,FLOOR CUSHION ELEPHANT CARNIVAL,1,18.29
79030G,TUMBLER NEW ENGLAND,1,5.79
20846,ZINC HEART LATTICE T-LIGHT HOLDER,1,2.46
84031B,CHARLIE LOLA BLUE HOT WATER BOTTLE ,1,4.13
20652,BLUE POLKADOT LUGGAGE TAG ,1,1.25
21750,LARGE SKULL WINDMILL,1,4.13
85206A,CREAM FELT EASTER EGG BASKET,1,1.65
84877A,PINK ROUND COMPACT MIRROR,1,3.29
85036A,GARDENIA 1 WICK MORRIS BOXED CANDLE,1,8.29
84870B,BLUE GEISHA GIRL ,1,2.46
21850,BLUE  DIAMANTE PEN IN GIFT BOX,1,4.95
20669,RED HEART LUGGAGE TAG,1,0.83
23640,SET 10 CARDS SCOTTIE DOG 17211,1,2.49
90164B,WHITE  ROSEBUD PEARL BRACELET,1,7.64
22807,SET OF 6 T-LIGHTS TOADSTOOLS,1,5.91
22335,HEART DECORATION PAINTED ZINC ,1,0.65
82613C,"METAL SIGN,CUPCAKE SINGLE HOOK",1,2.46
21082,SET/20 FRUIT SALAD PAPER NAPKINS ,1,1.63
85049a,TRADITIONAL CHRISTMAS RIBBONS,1,3.29
90123A,PINK HEART OF GLASS BRACELET,1,5.82
23469,CARD HOLDER LOVE BIRD SMALL,1,8.29
23462,ROCOCO WALL MIRROR WHITE,1,19.95
20756,GREEN FERN POCKET BOOK,1,0.85
90022,EDWARDIAN DROP EARRINGS JET BLACK,1,3.81
35443,RASTA IN BATH W SPLIFF ASHTRAY,1,0.85
90010E,AMBER GLASS/SILVER BRACELET,1,8.95
22576,SWALLOW WOODEN CHRISTMAS DECORATION,1,1.66
22311,OFFICE MUG WARMER BLACK+SILVER ,1,5.91
72232,FENG SHUI PILLAR CANDLE,1,0.19
85025C,PINK HEART SHAPE PHOTO FRAME,1,1.65
23357,HOT WATER BOTTLE SEX BOMB,1,5.79
20618,QUEEN OF THE SKIES PASSPORT COVER ,1,2.1
22451,SILK PURSE BABUSHKA RED,1,3.35
46776F,WOVEN ROSE GARDEN CUSHION COVER ,1,4.13
16225,RATTLE SNAKE EGGS,1,1.25
22107,PIZZA PLATE IN BOX,1,7.46
22320,BIRDS MOBILE VINTAGE DESIGN,1,5.95
21026,SPACE OWL,1,0.83
21158,MOODY GIRL DOOR HANGER ,1,1.45
22179,SET 10 LIGHTS NIGHT OWL,1,6.75
90125C,TURQUOISE BERTIE GLASS BEAD CHARM,1,1.63
22869,NUMBER TILE COTTAGE GARDEN 1,1,1.95
21843,RED RETROSPOT CAKE STAND,1,20.79
23515,EMBROIDERED RIBBON REEL DAISY ,1,2.08
21172,PARTY METAL SIGN ,1,1.45
84924A,WAKE UP COCKEREL CALENDAR SIGN ,1,7.46
22500,SET OF 2 TINS JARDIN DE PROVENCE,1,4.95
22735,RIBBON REEL SOCKS AND MITTENS,1,1.65
47566b,TEA TIME PARTY BUNTING,1,8.29
21311,SET/4 BIRD MIRROR MAGNETS ,1,3.29
21890,S/6 WOODEN SKITTLES IN COTTON BAG,1,5.79
22283,6 EGG HOUSE PAINTED WOOD,1,15.79
84663A,GRASS HOPPER WOODEN WALL CLOCK ,1,5.91
84527,FLAMES SUNGLASSES PINK LENSES,1,1.95
90208,PAIR OF PINK FLOWER CLUSTER SLIDE,1,2.48
70007,HI TEC ALPINE HAND WARMER,1,1.65
23388,WOODLAND MINI BACKPACK,1,4.15
23517,EMBROIDERED RIBBON REEL REBECCA ,1,2.89
22949,36 DOILIES DOLLY GIRL,1,2.98
16219,HOUSE SHAPE PENCIL SHARPENER,1,0.83
22364,GLASS JAR DIGESTIVE BISCUITS,1,2.95
21452,TOADSTOOL MONEY BOX,1,5.79
23543,WALL ART KEEP CALM ,1,8.25
23411, TRELLIS COAT RACK,1,10.79
85129B,BEADED CRYSTAL HEART GREEN SMALL,1,2.46
22873,NUMBER TILE COTTAGE GARDEN 5,1,4.13
22602,CHRISTMAS RETROSPOT HEART WOOD,1,1.66
22096,PINK PAISLEY SQUARE TISSUE BOX ,1,0.39
21448,12 DAISY PEGS IN WOOD BOX,1,1.65
21056,DOCTOR'S BAG SOFT TOY,1,8.95
20769,DAISY JOURNAL ,1,2.55
21425,SKULLS STORAGE BOX LARGE,1,6.63
21849,SILVER DIAMANTE PEN IN GIFT BOX,1,4.21
22761,CHEST 7 DRAWER MA CAMPAGNE,1,24.95
22781,GUMBALL MAGAZINE RACK,1,7.65
21164,HOME SWEET HOME METAL SIGN ,1,5.91
22194,BLACK DINER WALL CLOCK,1,8.5
84559A,3D SHEET OF DOG STICKERS,1,1.63
90175A,WHITE GLASS CHUNKY CHARM BRACELET,1,8.95
22921,HERB MARKER CHIVES ,1,1.63
21883,STARS GIFT TAPE ,1,1.63
22838,3 TIER CAKE TIN RED AND CREAM,1,29.13
23694,PAISLEY PARK CARD,1,0.83
84596J,MIXED NUTS LIGHT GREEN BOWL,1,0.83
21898,POTTING SHED ROSE CANDLE,1,2.95
22445,PENCIL CASE LIFE IS BEAUTIFUL,1,5.79
20657,TROPICAL LUGGAGE TAG,1,2.46
21131,GOLD STANDING GNOME,1,8.29
85040a,S/4 PINK FLOWER CANDLES IN BOWL,1,3.29
22863,SOAP DISH BROCANTE,1,2.95
22673,FRENCH GARDEN SIGN BLUE METAL,1,1.25
23437, 50'S CHRISTMAS GIFT BAG LARGE,1,2.46
22163,HEART STRING MEMO HOLDER HANGING,1,1.63
85096,HILDA CANDY SPOT RABBIT,1,3.75
23339,EGG FRYING PAN BLUE ,1,2.08
79191B,RETRO PLASTIC POLKA TRAY,1,0.85
72801d,4 SKY BLUE DINNER CANDLES,1,2.46
22247,BUNNY DECORATION MAGIC GARDEN,1,1.63
90175B,PINK GLASS CHUNKY CHARM BRACELET,1,9.15
22441,GROW YOUR OWN BASIL IN ENAMEL MUG,1,2.1
22078,RIBBON REEL LACE DESIGN ,1,2.1
22272,FELTCRAFT DOLL MARIA,1,2.95
21201,TROPICAL  HONEYCOMB PAPER GARLAND ,1,4.96
23538,WALL ART VINTAGE HEART,1,10.79
23065,LARGE DECO JEWELLERY STAND,1,24.96
82581,TOILET METAL SIGN,1,1.28
23089,GLASS BON BON JAR,1,3.29
23431,NATURAL HANGING QUILTED HEARTS ,1,0.83
23122,PARTY CHARMS 50 PIECES,1,0.83
37370,RETRO COFFEE MUGS ASSORTED,1,16.13
84997a,CHILDRENS CUTLERY POLKADOT GREEN ,1,8.29
22124,SET OF 2 TEA TOWELS PING MICROWAVE,1,2.95
22075,6 RIBBONS ELEGANT CHRISTMAS ,1,0.39
22883,NUMBER TILE VINTAGE FONT 4,1,4.13
84951A,SET OF 4 PISTACHIO LOVEBIRD COASTER,1,2.46
22931,BAKING MOULD HEART WHITE CHOCOLATE,1,2.55
90180B,PURPLE AMETHYST NECKLACE W TASSEL,1,9.95
22293,HANGING CHICK GREEN DECORATION,1,1.45
22581,WOOD STOCKING CHRISTMAS SCANDISPOT,1,1.66
21242,RED RETROSPOT PLATE ,1,3.29
21937,STRAWBERRY   PICNIC BAG,1,2.95
22243,5 HOOK HANGER RED MAGIC TOADSTOOL,1,3.36
84638,SMALL KITCHEN FLOWER POTS PLAQUE,1,5.83
84247N,PACK/12 BLUE FOLKART CARDS,1,2.95
90115,SUMMER BUTTERFLIES BAG CHARM,1,2.46
20770,ABSTRACT CIRCLE JOURNAL ,1,2.46
21555,CERAMIC STRAWBERRY TRINKET TRAY,1,2.51
22476,EMPIRE UNION JACK TV DINNER TRAY,1,11.02
22121,NOEL WOODEN BLOCK LETTERS ,1,5.95
20716,PARTY FOOD SHOPPER BAG,1,0.83
84821,DANISH ROSE DELUXE COASTER,1,0.85
72351B,SET/6 PINK  BUTTERFLY T-LIGHTS,1,2.1
37501,TEA TIME TEA SET IN GIFT BOX,1,6.95
85032B,BLOSSOM IMAGES GIFT WRAP SET,1,0.65
23579,SNACK TRAY I LOVE LONDON,1,1.95
22309,TEA COSY RED  STRIPE,1,2.55
21562,HAWAIIAN GRASS SKIRT ,1,1.25
20707,CRAZY DAISY HEART DECORATION,1,0.83
22563,HAPPY STENCIL CRAFT,1,1.25
20780,BLACK EAR MUFF HEADPHONES,1,11.02
23413,DECORATIVE VINTAGE COFFEE  BOX,1,4.95
84913A,SOFT PINK ROSE TOWEL ,1,3.29
20794,BLUE  TILE HOOK,1,4.96
90038A,GLASS AND PAINTED BEADS BRACELET TO,1,3.73
46776B,WOVEN BERRIES CUSHION COVER ,1,4.13
23557,LANDMARK FRAME BAKER STREET ,1,12.5
22341,LOVE GARLAND PAINTED ZINC ,1,3.29
23077,DOUGHNUT LIP GLOSS ,1,2.46
22322,BIRD DECORATION GREEN POLKADOT,1,1.66
23580,SNACK TRAY HAPPY FOREST  ,1,1.95
21454,PAINTED PINK RABBIT ,1,0.83
47580,TEA TIME DES TEA COSY,1,4.96
23134,LARGE ZINC HEART WALL ORGANISER,1,8.25
23535,WALL ART BICYCLE SAFETY,1,5.95
22752,SET 7 BABUSHKA NESTING BOXES,1,8.5
16168M,FUNKY MONKEY GIFT BAG MEDIUM,1,0.83
21401,BLUE PUDDING SPOON,1,0.42
22936,BAKING MOULD ROSE WHITE CHOCOLATE,1,3.25
21833,CAMOUFLAGE LED TORCH,1,1.69
23228,FILIGREE HEART BIRD WHITE ,1,2.46
90042C,FRESHWATER PEARL BRACELET IVORY,1,2.54
72807B,SET/3 OCEAN SCENT CANDLE JEWEL BOX,1,8.29
22919,HERB MARKER MINT,1,0.65
37450,CERAMIC CAKE BOWL + HANGING CAKES,1,5.79
21821,GLITTER STAR GARLAND WITH BELLS ,1,7.46
37475,SET/4 COLOURFUL MIXING BOWLS,1,8.29
85132C,CHARLIE AND LOLA FIGURES TINS,1,1.95
84576,BLUE CAT BISCUIT BARREL PINK HEART,1,4.13
22801,ANTIQUE GLASS PEDESTAL BOWL,1,7.46
M,Manual,1,0.85
23338,EGG FRYING PAN RED ,1,4.13
23479,WIRE EGG BASKET ,1,7.85
22651,GENTLEMAN SHIRT REPAIR KIT ,1,1.63
84905,PINK BUTTERFLY CUSHION COVER ,1,4.96
85227,SET OF 6 3D KIT CARDS FOR KIDS,1,1.63
21739,COSY SLIPPER SHOES SMALL GREEN,1,2.95
22639,SET OF 4 NAPKIN CHARMS HEARTS,1,2.55
21126,SET OF 6 GIRLS CELEBRATION CANDLES,1,1.25
23654,SET 10 CARD SNOWMAN 16965,1,2.49
90200C,BLUE SWEETHEART BRACELET,1,4.15
23120,PACK OF 6 SMALL FRUIT STRAWS,1,0.42
20659,ECONOMY LUGGAGE TAG,1,2.46
47570B,TEA TIME TABLE CLOTH,1,10.65
35833P,4 PINK FLOCK CHRISTMAS BALLS,1,1.25
22342,HOME GARLAND PAINTED ZINC ,1,3.29
23045,PAPER LANTERN 5 POINT STAR MOON ,1,8.29
22308,TEA COSY BLUE STRIPE,1,4.96
22473,TV DINNER TRAY VINTAGE PAISLEY,1,4.95
23281,FOLDING BUTTERFLY MIRROR RED  ,1,2.46
85208,SET/12 FUNKY FELT FLOWER PEG IN BAG,1,2.1
84659A,WHITE TRAVEL ALARM CLOCK,1,2.46
23417,BATHROOM HOOK,1,3.29
23464,VINTAGE ZINC WATERING CAN SMALL,1,4.95
23007, SPACEBOY BABY GIFT SET,1,16.95
90186B,CRYSTAL HOOP EARRING FLORAL LEAF,1,2.95
22547,MINI JIGSAW DINOSAUR ,1,0.42
22200,FRYING PAN PINK POLKADOT,1,4.25
21615,4 LAVENDER BOTANICAL DINNER CANDLES,1,3.75
90158,ST TROPEZ NECKLACE,1,5.09
22525,CHILDRENS GARDEN GLOVES PINK,1,2.51
22425,ENAMEL COLANDER CREAM,1,4.95
79063C,"RETRO PILL BOX KEY CHAIN,THE KING",1,0.19
21464,DISCO BALL ROTATOR BATTERY OPERATED,1,4.25
22828,REGENCY MIRROR WITH SHUTTERS,1,165.0
21221,SET/4 BADGES CUTE CREATURES,1,0.85
72819,CUPID DESIGN SCENTED CANDLES,1,1.25
22765,NEWSPAPER STAND,1,14.95
21407,BROWN CHECK CAT DOORSTOP ,1,4.25
21110,LARGE CAKE TOWEL PINK SPOTS,1,6.75
21781,MA CAMPAGNE CUTLERY BOX,1,14.95
23315,IVORY REFECTORY CLOCK,1,9.95
21378,SMALL TALL CAMPHOR WOOD TOADSTOOL,1,3.29
23023,RIDGED BONNE JAM JAR T-LIGHT HOLDER,1,1.65
21642,ASSORTED TUTTI FRUTTI PEN,1,1.63
23006,TRAVEL CARD WALLET FLOWER MEADOW,1,0.42
84249A,"GREETING CARD,SQUARE, DOUGHNUTS",1,0.83
84509c,SET OF 4 POLKADOT PLACEMATS ,1,7.46
22916,HERB MARKER THYME,1,0.65
23016,GLASS TWIST BON BON JAR,1,7.85
17012F,ORIGAMI SANDLEWOOD INCENSE/CAND SET,1,2.46
20705,MRS ROBOT SOFT TOY,1,1.95
84687,BEACH HUT SHELF W 3 DRAWERS,1,11.63
22636,CHILDS BREAKFAST SET CIRCUS PARADE,1,8.5
17012D,ORIGAMI ROSE INCENSE/CANDLE SET ,1,2.46
51014C,"FEATHER PEN,COAL BLACK",1,0.83
21625,VINTAGE UNION JACK APRON,1,4.13
23537,WALL ART I LOVE LONDON ,1,10.79
20666,ECONOMY HOLIDAY PURSE,1,2.95
22509,SEWING BOX RETROSPOT DESIGN ,1,33.33
22035,VINTAGE CARAVAN GREETING CARD ,1,0.83
23565,EGG CUP MILKMAID HELGA ,1,2.46
23413,VINTAGE COFFEE GRINDER BOX,1,10.79
21157,RED RETROSPOT WASHBAG,1,2.1
22222,CAKE PLATE LOVEBIRD WHITE,1,4.95
90183A,AMBER DROP EARRINGS W LONG BEADS,1,2.96
